ID	Types	Enzyme_name	Common_name	Cofactors	Regulated-By	Reaction
ENZRXNSEN2-8524	Enzymatic-Reactions	NIL	-	-	RXN-9623	-
ENZRXNSEN2-7017	Enzymatic-Reactions	NIL	-	-	RXN-9623	-
ENZRXNSEN2-5739	Enzymatic-Reactions	NIL	-	-	RXN-9623	-
ENZRXNSEN2-4690	Enzymatic-Reactions	NIL	-	-	RXN-9623	-
ENZRXNSEN2-3551	Enzymatic-Reactions	NIL	-	-	RXN-9623	-
ENZRXNSEN2-2700	Enzymatic-Reactions	NIL	-	-	RXN-9623	-
ENZRXNSEN2-1444	Enzymatic-Reactions	NIL	-	-	RXN-9623	-
ENZRXNSEN2-1023	Enzymatic-Reactions	NIL	-	-	RXN-9623	-
ENZRXNSEN2-142	Enzymatic-Reactions	NIL	-	-	RXN-9623	-
ENZRXNSEN2-3147	Enzymatic-Reactions	NIL	-	-	SEDOHEPTULOSE-BISPHOSPHATASE-RXN	-
ENZRXNSEN2-8522	Enzymatic-Reactions	NIL	-	-	RXN-8497	-
ENZRXNSEN2-9128	Enzymatic-Reactions	NIL	-	-	RXN-1022	-
ENZRXNSEN2-9113	Enzymatic-Reactions	NIL	-	-	RXN-1022	-
ENZRXNSEN2-8708	Enzymatic-Reactions	NIL	-	-	RXN-1022	-
ENZRXNSEN2-602	Enzymatic-Reactions	NIL	-	-	RXN-1022	-
ENZRXNSEN2-601	Enzymatic-Reactions	NIL	-	-	RXN-1022	-
ENZRXNSEN2-600	Enzymatic-Reactions	NIL	-	-	RXN-1022	-
ENZRXNSEN2-599	Enzymatic-Reactions	NIL	-	-	RXN-1022	-
ENZRXNSEN2-8910	Enzymatic-Reactions	NIL	-	-	CAFFEOYL-COA-O-METHYLTRANSFERASE-RXN	-
ENZRXNSEN2-6341	Enzymatic-Reactions	NIL	-	-	CAFFEOYL-COA-O-METHYLTRANSFERASE-RXN	-
ENZRXNSEN2-5351	Enzymatic-Reactions	NIL	-	-	CAFFEOYL-COA-O-METHYLTRANSFERASE-RXN	-
ENZRXNSEN2-4229	Enzymatic-Reactions	NIL	-	-	CAFFEOYL-COA-O-METHYLTRANSFERASE-RXN	-
ENZRXNSEN2-2688	Enzymatic-Reactions	NIL	-	-	CAFFEOYL-COA-O-METHYLTRANSFERASE-RXN	-
ENZRXNSEN2-6114	Enzymatic-Reactions	NIL	-	-	1.1.1.39-RXN	-
ENZRXNSEN2-8258	Enzymatic-Reactions	NIL	-	-	UDP-GLUCURONATE-4-EPIMERASE-RXN	-
ENZRXNSEN2-7335	Enzymatic-Reactions	NIL	-	-	UDP-GLUCURONATE-4-EPIMERASE-RXN	-
ENZRXNSEN2-6081	Enzymatic-Reactions	NIL	-	-	UDP-GLUCURONATE-4-EPIMERASE-RXN	-
ENZRXNSEN2-1484	Enzymatic-Reactions	NIL	-	-	UDP-GLUCURONATE-4-EPIMERASE-RXN	-
ENZRXNSEN2-1071	Enzymatic-Reactions	NIL	-	-	UDP-GLUCURONATE-4-EPIMERASE-RXN	-
ENZRXNSEN2-3107	Enzymatic-Reactions	NIL	-	-	RXN-18670	-
ENZRXNSEN2-2806	Enzymatic-Reactions	NIL	-	-	RXN-18670	-
ENZRXNSEN2-801	Enzymatic-Reactions	NIL	-	-	RXN-3762	-
ENZRXNSEN2-4498	Enzymatic-Reactions	NIL	-	-	RXN-11340	-
ENZRXNSEN2-306	Enzymatic-Reactions	NIL	-	-	RXN-11340	-
ENZRXNSEN2-305	Enzymatic-Reactions	NIL	-	-	RXN-11340	-
ENZRXNSEN2-8531	Enzymatic-Reactions	NIL	-	-	RXN-3284	-
ENZRXNSEN2-8528	Enzymatic-Reactions	NIL	-	-	RXN-3284	-
ENZRXNSEN2-7050	Enzymatic-Reactions	NIL	-	-	RXN-3284	-
ENZRXNSEN2-2056	Enzymatic-Reactions	NIL	-	-	RXN-3284	-
ENZRXNSEN2-2914	Enzymatic-Reactions	NIL	-	-	L-ARABINOKINASE-RXN	-
ENZRXNSEN2-6853	Enzymatic-Reactions	NIL	-	-	SERINE-C-PALMITOYLTRANSFERASE-RXN	-
ENZRXNSEN2-4306	Enzymatic-Reactions	NIL	-	-	SERINE-C-PALMITOYLTRANSFERASE-RXN	-
ENZRXNSEN2-2836	Enzymatic-Reactions	NIL	-	-	SERINE-C-PALMITOYLTRANSFERASE-RXN	-
ENZRXNSEN2-7330	Enzymatic-Reactions	NIL	-	-	RXN-11465	-
ENZRXNSEN2-7329	Enzymatic-Reactions	NIL	-	-	RXN-11465	-
ENZRXNSEN2-7328	Enzymatic-Reactions	NIL	-	-	RXN-11465	-
ENZRXNSEN2-7327	Enzymatic-Reactions	NIL	-	-	RXN-11465	-
ENZRXNSEN2-7326	Enzymatic-Reactions	NIL	-	-	RXN-11465	-
ENZRXNSEN2-7323	Enzymatic-Reactions	NIL	-	-	RXN-11465	-
ENZRXNSEN2-7322	Enzymatic-Reactions	NIL	-	-	RXN-11465	-
ENZRXNSEN2-3717	Enzymatic-Reactions	NIL	-	-	RXN-7750	-
ENZRXNSEN2-5651	Enzymatic-Reactions	NIL	-	-	RXN-10706	-
ENZRXNSEN2-1502	Enzymatic-Reactions	NIL	-	-	RXN-10706	-
ENZRXNSEN2-8714	Enzymatic-Reactions	NIL	-	-	UDPGLUCEPIM-RXN	-
ENZRXNSEN2-8399	Enzymatic-Reactions	NIL	-	-	UDPGLUCEPIM-RXN	-
ENZRXNSEN2-5746	Enzymatic-Reactions	NIL	-	-	UDPGLUCEPIM-RXN	-
ENZRXNSEN2-5699	Enzymatic-Reactions	NIL	-	-	UDPGLUCEPIM-RXN	-
ENZRXNSEN2-2802	Enzymatic-Reactions	NIL	-	-	UDPGLUCEPIM-RXN	-
ENZRXNSEN2-1732	Enzymatic-Reactions	NIL	-	-	UDPGLUCEPIM-RXN	-
ENZRXNSEN2-1478	Enzymatic-Reactions	NIL	-	-	UDPGLUCEPIM-RXN	-
ENZRXNSEN2-1011	Enzymatic-Reactions	NIL	-	-	UDPGLUCEPIM-RXN	-
ENZRXNSEN2-7701	Enzymatic-Reactions	NIL	-	-	ASPAMINOTRANS-RXN	-
ENZRXNSEN2-6299	Enzymatic-Reactions	NIL	-	-	ASPAMINOTRANS-RXN	-
ENZRXNSEN2-6248	Enzymatic-Reactions	NIL	-	-	ASPAMINOTRANS-RXN	-
ENZRXNSEN2-5209	Enzymatic-Reactions	NIL	-	-	ASPAMINOTRANS-RXN	-
ENZRXNSEN2-3937	Enzymatic-Reactions	NIL	-	-	ASPAMINOTRANS-RXN	-
ENZRXNSEN2-2880	Enzymatic-Reactions	NIL	-	-	ASPAMINOTRANS-RXN	-
ENZRXNSEN2-2206	Enzymatic-Reactions	NIL	-	-	ASPAMINOTRANS-RXN	-
ENZRXNSEN2-3972	Enzymatic-Reactions	NIL	-	-	CHORISMATEMUT-RXN	-
ENZRXNSEN2-2876	Enzymatic-Reactions	NIL	-	-	CHORISMATEMUT-RXN	-
ENZRXNSEN2-1810	Enzymatic-Reactions	NIL	-	-	CHORISMATEMUT-RXN	-
ENZRXNSEN2-5914	Enzymatic-Reactions	NIL	-	-	SPHINGANINE-KINASE-RXN	-
ENZRXNSEN2-519	Enzymatic-Reactions	NIL	-	-	SPHINGANINE-KINASE-RXN	-
ENZRXNSEN2-8062	Enzymatic-Reactions	NIL	-	-	RIBULP3EPIM-RXN	-
ENZRXNSEN2-4290	Enzymatic-Reactions	NIL	-	-	RIBULP3EPIM-RXN	-
ENZRXNSEN2-1163	Enzymatic-Reactions	NIL	-	-	RIBULP3EPIM-RXN	-
ENZRXNSEN2-9679	Enzymatic-Reactions	NIL	-	-	THRESYN-RXN	-
ENZRXNSEN2-5992	Enzymatic-Reactions	NIL	-	-	THRESYN-RXN	-
ENZRXNSEN2-3709	Enzymatic-Reactions	NIL	-	-	THRESYN-RXN	-
ENZRXNSEN2-1018	Enzymatic-Reactions	NIL	-	-	THRESYN-RXN	-
ENZRXNSEN2-9594	Enzymatic-Reactions	NIL	-	-	RXN0-1134	-
ENZRXNSEN2-7981	Enzymatic-Reactions	NIL	-	-	RXN0-1134	-
ENZRXNSEN2-5379	Enzymatic-Reactions	NIL	-	-	RXN0-1134	-
ENZRXNSEN2-1770	Enzymatic-Reactions	NIL	-	-	RXN0-1134	-
ENZRXNSEN2-637	Enzymatic-Reactions	NIL	-	-	RXN0-1134	-
ENZRXNSEN2-67	Enzymatic-Reactions	NIL	-	-	RXN0-1134	-
ENZRXNSEN2-8873	Enzymatic-Reactions	NIL	-	-	THYMIDYLATESYN-RXN	-
ENZRXNSEN2-2722	Enzymatic-Reactions	NIL	-	-	THYMIDYLATESYN-RXN	-
ENZRXNSEN2-8987	Enzymatic-Reactions	NIL	-	-	RXN0-947	-
ENZRXNSEN2-7064	Enzymatic-Reactions	NIL	-	-	RXN0-947	-
ENZRXNSEN2-5169	Enzymatic-Reactions	NIL	-	-	RXN0-949	-
ENZRXNSEN2-3995	Enzymatic-Reactions	NIL	-	-	RXN0-949	-
ENZRXNSEN2-3994	Enzymatic-Reactions	NIL	-	-	RXN0-949	-
ENZRXNSEN2-1251	Enzymatic-Reactions	NIL	-	-	RXN0-949	-
ENZRXNSEN2-5495	Enzymatic-Reactions	NIL	-	-	RXN-1142	-
ENZRXNSEN2-1644	Enzymatic-Reactions	NIL	-	-	RXN-1142	-
ENZRXNSEN2-8237	Enzymatic-Reactions	NIL	-	-	URIDINEKIN-RXN	-
ENZRXNSEN2-8040	Enzymatic-Reactions	NIL	-	-	URIDINEKIN-RXN	-
ENZRXNSEN2-6668	Enzymatic-Reactions	NIL	-	-	URIDINEKIN-RXN	-
ENZRXNSEN2-5861	Enzymatic-Reactions	NIL	-	-	URIDINEKIN-RXN	-
ENZRXNSEN2-5798	Enzymatic-Reactions	NIL	-	-	URIDINEKIN-RXN	-
ENZRXNSEN2-3294	Enzymatic-Reactions	NIL	-	-	URIDINEKIN-RXN	-
ENZRXNSEN2-1857	Enzymatic-Reactions	NIL	-	-	URIDINEKIN-RXN	-
ENZRXNSEN2-1143	Enzymatic-Reactions	NIL	-	-	URIDINEKIN-RXN	-
ENZRXNSEN2-804	Enzymatic-Reactions	NIL	-	-	URIDINEKIN-RXN	-
ENZRXNSEN2-216	Enzymatic-Reactions	NIL	-	-	URIDINEKIN-RXN	-
ENZRXNSEN2-6740	Enzymatic-Reactions	NIL	-	-	RXN-17888	-
ENZRXNSEN2-4928	Enzymatic-Reactions	NIL	-	-	RXN-9163	-
ENZRXNSEN2-9739	Enzymatic-Reactions	NIL	-	-	1.1.1.222-RXN	-
ENZRXNSEN2-3662	Enzymatic-Reactions	NIL	-	-	1.1.1.222-RXN	-
ENZRXNSEN2-9214	Enzymatic-Reactions	NIL	-	-	RXN-9667	-
ENZRXNSEN2-6230	Enzymatic-Reactions	NIL	-	-	RXN-9667	-
ENZRXNSEN2-7991	Enzymatic-Reactions	NIL	-	-	DCMP-DEAMINASE-RXN	-
ENZRXNSEN2-1450	Enzymatic-Reactions	NIL	-	-	DCMP-DEAMINASE-RXN	-
ENZRXNSEN2-8028	Enzymatic-Reactions	NIL	-	-	RXN-11541	-
ENZRXNSEN2-5860	Enzymatic-Reactions	NIL	-	-	RXN-11541	-
ENZRXNSEN2-2818	Enzymatic-Reactions	NIL	-	-	RXN-11541	-
ENZRXNSEN2-2816	Enzymatic-Reactions	NIL	-	-	RXN-11541	-
ENZRXNSEN2-1125	Enzymatic-Reactions	NIL	-	-	RXN-11541	-
ENZRXNSEN2-132	Enzymatic-Reactions	NIL	-	-	RXN-11541	-
ENZRXNSEN2-9185	Enzymatic-Reactions	NIL	-	-	RXN-12299	-
ENZRXNSEN2-9157	Enzymatic-Reactions	NIL	-	-	RXN-12299	-
ENZRXNSEN2-7353	Enzymatic-Reactions	NIL	-	-	RXN-12299	-
ENZRXNSEN2-6206	Enzymatic-Reactions	NIL	-	-	RXN-12299	-
ENZRXNSEN2-6199	Enzymatic-Reactions	NIL	-	-	RXN-12299	-
ENZRXNSEN2-4737	Enzymatic-Reactions	NIL	-	-	RXN-12299	-
ENZRXNSEN2-4341	Enzymatic-Reactions	NIL	-	-	RXN-12299	-
ENZRXNSEN2-3768	Enzymatic-Reactions	NIL	-	-	RXN-12299	-
ENZRXNSEN2-3392	Enzymatic-Reactions	NIL	-	-	RXN-12299	-
ENZRXNSEN2-2061	Enzymatic-Reactions	NIL	-	-	RXN-12299	-
ENZRXNSEN2-1664	Enzymatic-Reactions	NIL	-	-	RXN-12299	-
ENZRXNSEN2-1657	Enzymatic-Reactions	NIL	-	-	RXN-12299	-
ENZRXNSEN2-101	Enzymatic-Reactions	NIL	-	-	RXN-12299	-
ENZRXNSEN2-6426	Enzymatic-Reactions	NIL	-	-	RXN-9244	-
ENZRXNSEN2-6424	Enzymatic-Reactions	NIL	-	-	RXN-9244	-
ENZRXNSEN2-6422	Enzymatic-Reactions	NIL	-	-	RXN-9244	-
ENZRXNSEN2-1696	Enzymatic-Reactions	NIL	-	-	RXN-9244	-
ENZRXNSEN2-9181	Enzymatic-Reactions	NIL	-	-	ALLYL-ALCOHOL-DEHYDROGENASE-RXN	-
ENZRXNSEN2-7349	Enzymatic-Reactions	NIL	-	-	ALLYL-ALCOHOL-DEHYDROGENASE-RXN	-
ENZRXNSEN2-6202	Enzymatic-Reactions	NIL	-	-	ALLYL-ALCOHOL-DEHYDROGENASE-RXN	-
ENZRXNSEN2-6195	Enzymatic-Reactions	NIL	-	-	ALLYL-ALCOHOL-DEHYDROGENASE-RXN	-
ENZRXNSEN2-7795	Enzymatic-Reactions	NIL	-	-	RXN-10695	-
ENZRXNSEN2-7789	Enzymatic-Reactions	NIL	-	-	RXN-10695	-
ENZRXNSEN2-7519	Enzymatic-Reactions	NIL	-	-	RXN-10695	-
ENZRXNSEN2-7117	Enzymatic-Reactions	NIL	-	-	RXN-10695	-
ENZRXNSEN2-4046	Enzymatic-Reactions	NIL	-	-	RXN-10695	-
ENZRXNSEN2-3799	Enzymatic-Reactions	NIL	-	-	RXN-10695	-
ENZRXNSEN2-2250	Enzymatic-Reactions	NIL	-	-	RXN-10695	-
ENZRXNSEN2-1324	Enzymatic-Reactions	NIL	-	-	RXN-10695	-
ENZRXNSEN2-7975	Enzymatic-Reactions	NIL	-	-	RXN-12186	-
ENZRXNSEN2-9667	Enzymatic-Reactions	NIL	-	-	RXN-1321	-
ENZRXNSEN2-9116	Enzymatic-Reactions	NIL	-	-	RXN-1321	-
ENZRXNSEN2-7941	Enzymatic-Reactions	NIL	-	-	RXN-1321	-
ENZRXNSEN2-3728	Enzymatic-Reactions	NIL	-	-	RXN-1321	-
ENZRXNSEN2-3477	Enzymatic-Reactions	NIL	-	-	RXN-1321	-
ENZRXNSEN2-1392	Enzymatic-Reactions	NIL	-	-	RXN-1321	-
ENZRXNSEN2-2069	Enzymatic-Reactions	NIL	-	-	3-DEHYDROSPHINGANINE-REDUCTASE-RXN	-
ENZRXNSEN2-6743	Enzymatic-Reactions	NIL	-	-	RXN-17891	-
ENZRXNSEN2-9754	Enzymatic-Reactions	NIL	-	-	RXN-17856	-
ENZRXNSEN2-8315	Enzymatic-Reactions	NIL	-	-	RXN-17856	-
ENZRXNSEN2-7998	Enzymatic-Reactions	NIL	-	-	RXN-17856	-
ENZRXNSEN2-6395	Enzymatic-Reactions	NIL	-	-	RXN-17856	-
ENZRXNSEN2-5963	Enzymatic-Reactions	NIL	-	-	RXN-17856	-
ENZRXNSEN2-4320	Enzymatic-Reactions	NIL	-	-	RXN-17856	-
ENZRXNSEN2-4076	Enzymatic-Reactions	NIL	-	-	RXN-17856	-
ENZRXNSEN2-3634	Enzymatic-Reactions	NIL	-	-	RXN-17856	-
ENZRXNSEN2-8010	Enzymatic-Reactions	NIL	-	-	2.4.1.46-RXN	-
ENZRXNSEN2-6903	Enzymatic-Reactions	NIL	-	-	2.4.1.46-RXN	-
ENZRXNSEN2-2873	Enzymatic-Reactions	NIL	-	-	2.4.1.46-RXN	-
ENZRXNSEN2-1103	Enzymatic-Reactions	NIL	-	-	2.4.1.46-RXN	-
ENZRXNSEN2-9748	Enzymatic-Reactions	NIL	-	-	RXN-17850	-
ENZRXNSEN2-4625	Enzymatic-Reactions	NIL	-	-	RXN-17850	-
ENZRXNSEN2-4070	Enzymatic-Reactions	NIL	-	-	RXN-17850	-
ENZRXNSEN2-3628	Enzymatic-Reactions	NIL	-	-	RXN-17850	-
ENZRXNSEN2-1002	Enzymatic-Reactions	NIL	-	-	RXN-17850	-
ENZRXNSEN2-1490	Enzymatic-Reactions	NIL	-	-	2.3.1.180-RXN	-
ENZRXNSEN2-9127	Enzymatic-Reactions	NIL	-	-	ACETOLACTSYN-RXN	-
ENZRXNSEN2-4962	Enzymatic-Reactions	NIL	-	-	ACETOLACTSYN-RXN	-
ENZRXNSEN2-530	Enzymatic-Reactions	NIL	-	-	ACETOLACTSYN-RXN	-
ENZRXNSEN2-8994	Enzymatic-Reactions	NIL	-	-	UDPHYDROXYMYRGLUCOSAMNACETYLTRANS-RXN	-
ENZRXNSEN2-2752	Enzymatic-Reactions	NIL	-	-	2.7.8.11-RXN	-
ENZRXNSEN2-5876	Enzymatic-Reactions	NIL	-	-	UDPACYLGLCNACDEACETYL-RXN	-
ENZRXNSEN2-7783	Enzymatic-Reactions	NIL	-	-	PHOSPHOLIPASE-C-RXN	-
ENZRXNSEN2-6475	Enzymatic-Reactions	NIL	-	-	PHOSPHOLIPASE-C-RXN	-
ENZRXNSEN2-6334	Enzymatic-Reactions	NIL	-	-	PHOSPHOLIPASE-C-RXN	-
ENZRXNSEN2-6119	Enzymatic-Reactions	NIL	-	-	PHOSPHOLIPASE-C-RXN	-
ENZRXNSEN2-3275	Enzymatic-Reactions	NIL	-	-	PHOSPHOLIPASE-C-RXN	-
ENZRXNSEN2-1282	Enzymatic-Reactions	NIL	-	-	HYDROHEX-RXN	-
ENZRXNSEN2-7481	Enzymatic-Reactions	NIL	-	-	RXN-3501	-
ENZRXNSEN2-7479	Enzymatic-Reactions	NIL	-	-	RXN-3501	-
ENZRXNSEN2-7477	Enzymatic-Reactions	NIL	-	-	RXN-3501	-
ENZRXNSEN2-7475	Enzymatic-Reactions	NIL	-	-	RXN-3501	-
ENZRXNSEN2-7473	Enzymatic-Reactions	NIL	-	-	RXN-3501	-
ENZRXNSEN2-7471	Enzymatic-Reactions	NIL	-	-	RXN-3501	-
ENZRXNSEN2-7469	Enzymatic-Reactions	NIL	-	-	RXN-3501	-
ENZRXNSEN2-7467	Enzymatic-Reactions	NIL	-	-	RXN-3501	-
ENZRXNSEN2-7465	Enzymatic-Reactions	NIL	-	-	RXN-3501	-
ENZRXNSEN2-7463	Enzymatic-Reactions	NIL	-	-	RXN-3501	-
ENZRXNSEN2-7461	Enzymatic-Reactions	NIL	-	-	RXN-3501	-
ENZRXNSEN2-7459	Enzymatic-Reactions	NIL	-	-	RXN-3501	-
ENZRXNSEN2-7457	Enzymatic-Reactions	NIL	-	-	RXN-3501	-
ENZRXNSEN2-7455	Enzymatic-Reactions	NIL	-	-	RXN-3501	-
ENZRXNSEN2-7453	Enzymatic-Reactions	NIL	-	-	RXN-3501	-
ENZRXNSEN2-7451	Enzymatic-Reactions	NIL	-	-	RXN-3501	-
ENZRXNSEN2-7424	Enzymatic-Reactions	NIL	-	-	RXN-3501	-
ENZRXNSEN2-6682	Enzymatic-Reactions	NIL	-	-	RXN-3501	-
ENZRXNSEN2-4122	Enzymatic-Reactions	NIL	-	-	RXN-3501	-
ENZRXNSEN2-4120	Enzymatic-Reactions	NIL	-	-	RXN-3501	-
ENZRXNSEN2-4118	Enzymatic-Reactions	NIL	-	-	RXN-3501	-
ENZRXNSEN2-4116	Enzymatic-Reactions	NIL	-	-	RXN-3501	-
ENZRXNSEN2-4114	Enzymatic-Reactions	NIL	-	-	RXN-3501	-
ENZRXNSEN2-4112	Enzymatic-Reactions	NIL	-	-	RXN-3501	-
ENZRXNSEN2-4110	Enzymatic-Reactions	NIL	-	-	RXN-3501	-
ENZRXNSEN2-2373	Enzymatic-Reactions	NIL	-	-	RXN-3501	-
ENZRXNSEN2-2371	Enzymatic-Reactions	NIL	-	-	RXN-3501	-
ENZRXNSEN2-570	Enzymatic-Reactions	NIL	-	-	RXN-3501	-
ENZRXNSEN2-4061	Enzymatic-Reactions	NIL	-	-	RXN-15745	-
ENZRXNSEN2-4460	Enzymatic-Reactions	NIL	-	-	SUCROSE-PHOSPHATASE-RXN	-
ENZRXNSEN2-2445	Enzymatic-Reactions	NIL	-	-	SUCROSE-PHOSPHATASE-RXN	-
ENZRXNSEN2-3105	Enzymatic-Reactions	NIL	-	-	RXN-18668	-
ENZRXNSEN2-2804	Enzymatic-Reactions	NIL	-	-	RXN-18668	-
ENZRXNSEN2-7847	Enzymatic-Reactions	NIL	-	-	RXN-9246	-
ENZRXNSEN2-345	Enzymatic-Reactions	NIL	-	-	RXN-17879	-
ENZRXNSEN2-8716	Enzymatic-Reactions	NIL	-	-	3-OXOACYL-ACP-REDUCT-RXN	-
ENZRXNSEN2-7939	Enzymatic-Reactions	NIL	-	-	3-OXOACYL-ACP-REDUCT-RXN	-
ENZRXNSEN2-5874	Enzymatic-Reactions	NIL	-	-	3-OXOACYL-ACP-REDUCT-RXN	-
ENZRXNSEN2-1438	Enzymatic-Reactions	NIL	-	-	3-OXOACYL-ACP-REDUCT-RXN	-
ENZRXNSEN2-744	Enzymatic-Reactions	NIL	-	-	3-OXOACYL-ACP-REDUCT-RXN	-
ENZRXNSEN2-9784	Enzymatic-Reactions	NIL	-	-	PHOSCHOL-RXN	-
ENZRXNSEN2-9713	Enzymatic-Reactions	NIL	-	-	PHOSCHOL-RXN	-
ENZRXNSEN2-9449	Enzymatic-Reactions	NIL	-	-	PHOSCHOL-RXN	-
ENZRXNSEN2-8724	Enzymatic-Reactions	NIL	-	-	PHOSCHOL-RXN	-
ENZRXNSEN2-8375	Enzymatic-Reactions	NIL	-	-	PHOSCHOL-RXN	-
ENZRXNSEN2-5478	Enzymatic-Reactions	NIL	-	-	PHOSCHOL-RXN	-
ENZRXNSEN2-4723	Enzymatic-Reactions	NIL	-	-	PHOSCHOL-RXN	-
ENZRXNSEN2-3608	Enzymatic-Reactions	NIL	-	-	PHOSCHOL-RXN	-
ENZRXNSEN2-2884	Enzymatic-Reactions	NIL	-	-	PHOSCHOL-RXN	-
ENZRXNSEN2-2875	Enzymatic-Reactions	NIL	-	-	PHOSCHOL-RXN	-
ENZRXNSEN2-2780	Enzymatic-Reactions	NIL	-	-	PHOSCHOL-RXN	-
ENZRXNSEN2-2364	Enzymatic-Reactions	NIL	-	-	PHOSCHOL-RXN	-
ENZRXNSEN2-2156	Enzymatic-Reactions	NIL	-	-	PHOSCHOL-RXN	-
ENZRXNSEN2-1467	Enzymatic-Reactions	NIL	-	-	PHOSCHOL-RXN	-
ENZRXNSEN2-506	Enzymatic-Reactions	NIL	-	-	PHOSCHOL-RXN	-
ENZRXNSEN2-8819	Enzymatic-Reactions	NIL	-	-	RXN-1381	-
ENZRXNSEN2-8047	Enzymatic-Reactions	NIL	-	-	RXN-1381	-
ENZRXNSEN2-7645	Enzymatic-Reactions	NIL	-	-	RXN-1381	-
ENZRXNSEN2-7003	Enzymatic-Reactions	NIL	-	-	RXN-1381	-
ENZRXNSEN2-7001	Enzymatic-Reactions	NIL	-	-	RXN-1381	-
ENZRXNSEN2-6220	Enzymatic-Reactions	NIL	-	-	RXN-1381	-
ENZRXNSEN2-5431	Enzymatic-Reactions	NIL	-	-	RXN-1381	-
ENZRXNSEN2-3982	Enzymatic-Reactions	NIL	-	-	RXN-1381	-
ENZRXNSEN2-3564	Enzymatic-Reactions	NIL	-	-	RXN-1381	-
ENZRXNSEN2-3389	Enzymatic-Reactions	NIL	-	-	RXN-1381	-
ENZRXNSEN2-3129	Enzymatic-Reactions	NIL	-	-	RXN-1381	-
ENZRXNSEN2-3126	Enzymatic-Reactions	NIL	-	-	RXN-1381	-
ENZRXNSEN2-3123	Enzymatic-Reactions	NIL	-	-	RXN-1381	-
ENZRXNSEN2-2762	Enzymatic-Reactions	NIL	-	-	RXN-1381	-
ENZRXNSEN2-146	Enzymatic-Reactions	NIL	-	-	RXN-1381	-
ENZRXNSEN2-5830	Enzymatic-Reactions	NIL	-	-	RXN-7902	-
ENZRXNSEN2-1137	Enzymatic-Reactions	NIL	-	-	RXN-7902	-
ENZRXNSEN2-8773	Enzymatic-Reactions	NIL	-	-	RXN-7796	-
ENZRXNSEN2-397	Enzymatic-Reactions	NIL	-	-	RXN-7796	-
ENZRXNSEN2-6875	Enzymatic-Reactions	NIL	-	-	RXN-7798	-
ENZRXNSEN2-2857	Enzymatic-Reactions	NIL	-	-	RXN-7798	-
ENZRXNSEN2-3267	Enzymatic-Reactions	NIL	-	-	RXN-16046	-
ENZRXNSEN2-8886	Enzymatic-Reactions	NIL	-	-	RXN-1623	-
ENZRXNSEN2-8247	Enzymatic-Reactions	NIL	-	-	RXN-1623	-
ENZRXNSEN2-7070	Enzymatic-Reactions	NIL	-	-	RXN-1623	-
ENZRXNSEN2-4976	Enzymatic-Reactions	NIL	-	-	RXN-1623	-
ENZRXNSEN2-3532	Enzymatic-Reactions	NIL	-	-	RXN-1623	-
ENZRXNSEN2-3356	Enzymatic-Reactions	NIL	-	-	RXN-1623	-
ENZRXNSEN2-2796	Enzymatic-Reactions	NIL	-	-	RXN-1623	-
ENZRXNSEN2-341	Enzymatic-Reactions	NIL	-	-	RXN-1623	-
ENZRXNSEN2-4034	Enzymatic-Reactions	NIL	-	-	RXN-10958	-
ENZRXNSEN2-2414	Enzymatic-Reactions	NIL	-	-	RXN-10958	-
ENZRXNSEN2-9191	Enzymatic-Reactions	NIL	-	-	URACIL-PRIBOSYLTRANS-RXN	-
ENZRXNSEN2-8236	Enzymatic-Reactions	NIL	-	-	URACIL-PRIBOSYLTRANS-RXN	-
ENZRXNSEN2-6667	Enzymatic-Reactions	NIL	-	-	URACIL-PRIBOSYLTRANS-RXN	-
ENZRXNSEN2-3293	Enzymatic-Reactions	NIL	-	-	URACIL-PRIBOSYLTRANS-RXN	-
ENZRXNSEN2-803	Enzymatic-Reactions	NIL	-	-	URACIL-PRIBOSYLTRANS-RXN	-
ENZRXNSEN2-8890	Enzymatic-Reactions	NIL	-	-	RXN1F-19	-
ENZRXNSEN2-7063	Enzymatic-Reactions	NIL	-	-	RXN1F-19	-
ENZRXNSEN2-2822	Enzymatic-Reactions	NIL	-	-	RXN1F-19	-
ENZRXNSEN2-2704	Enzymatic-Reactions	NIL	-	-	RXN1F-19	-
ENZRXNSEN2-8450	Enzymatic-Reactions	NIL	-	-	MALATE-DEH-RXN	-
ENZRXNSEN2-7209	Enzymatic-Reactions	NIL	-	-	MALATE-DEH-RXN	-
ENZRXNSEN2-6267	Enzymatic-Reactions	NIL	-	-	MALATE-DEH-RXN	-
ENZRXNSEN2-6113	Enzymatic-Reactions	NIL	-	-	MALATE-DEH-RXN	-
ENZRXNSEN2-5593	Enzymatic-Reactions	NIL	-	-	MALATE-DEH-RXN	-
ENZRXNSEN2-5278	Enzymatic-Reactions	NIL	-	-	MALATE-DEH-RXN	-
ENZRXNSEN2-1170	Enzymatic-Reactions	NIL	-	-	MALATE-DEH-RXN	-
ENZRXNSEN2-9316	Enzymatic-Reactions	NIL	-	-	2.7.1.68-RXN	-
ENZRXNSEN2-7846	Enzymatic-Reactions	NIL	-	-	2.7.1.68-RXN	-
ENZRXNSEN2-7749	Enzymatic-Reactions	NIL	-	-	2.7.1.68-RXN	-
ENZRXNSEN2-7432	Enzymatic-Reactions	NIL	-	-	2.7.1.68-RXN	-
ENZRXNSEN2-7012	Enzymatic-Reactions	NIL	-	-	2.7.1.68-RXN	-
ENZRXNSEN2-7010	Enzymatic-Reactions	NIL	-	-	2.7.1.68-RXN	-
ENZRXNSEN2-6040	Enzymatic-Reactions	NIL	-	-	2.7.1.68-RXN	-
ENZRXNSEN2-4866	Enzymatic-Reactions	NIL	-	-	2.7.1.68-RXN	-
ENZRXNSEN2-4397	Enzymatic-Reactions	NIL	-	-	2.7.1.68-RXN	-
ENZRXNSEN2-2996	Enzymatic-Reactions	NIL	-	-	2.7.1.68-RXN	-
ENZRXNSEN2-2986	Enzymatic-Reactions	NIL	-	-	2.7.1.68-RXN	-
ENZRXNSEN2-1514	Enzymatic-Reactions	NIL	-	-	2.7.1.68-RXN	-
ENZRXNSEN2-499	Enzymatic-Reactions	NIL	-	-	2.7.1.68-RXN	-
ENZRXNSEN2-368	Enzymatic-Reactions	NIL	-	-	2.7.1.68-RXN	-
ENZRXNSEN2-9186	Enzymatic-Reactions	NIL	-	-	RXN0-4281	-
ENZRXNSEN2-9159	Enzymatic-Reactions	NIL	-	-	RXN0-4281	-
ENZRXNSEN2-7354	Enzymatic-Reactions	NIL	-	-	RXN0-4281	-
ENZRXNSEN2-6207	Enzymatic-Reactions	NIL	-	-	RXN0-4281	-
ENZRXNSEN2-6200	Enzymatic-Reactions	NIL	-	-	RXN0-4281	-
ENZRXNSEN2-4739	Enzymatic-Reactions	NIL	-	-	RXN0-4281	-
ENZRXNSEN2-4343	Enzymatic-Reactions	NIL	-	-	RXN0-4281	-
ENZRXNSEN2-3770	Enzymatic-Reactions	NIL	-	-	RXN0-4281	-
ENZRXNSEN2-3394	Enzymatic-Reactions	NIL	-	-	RXN0-4281	-
ENZRXNSEN2-2063	Enzymatic-Reactions	NIL	-	-	RXN0-4281	-
ENZRXNSEN2-1665	Enzymatic-Reactions	NIL	-	-	RXN0-4281	-
ENZRXNSEN2-1658	Enzymatic-Reactions	NIL	-	-	RXN0-4281	-
ENZRXNSEN2-103	Enzymatic-Reactions	NIL	-	-	RXN0-4281	-
ENZRXNSEN2-5727	Enzymatic-Reactions	NIL	-	-	RXN-9952	-
ENZRXNSEN2-641	Enzymatic-Reactions	NIL	-	-	RXN-9952	-
ENZRXNSEN2-2307	Enzymatic-Reactions	NIL	-	-	RXN-11396	-
ENZRXNSEN2-1875	Enzymatic-Reactions	NIL	-	-	RXN-11396	-
ENZRXNSEN2-129	Enzymatic-Reactions	NIL	-	-	RXN-11396	-
ENZRXNSEN2-9549	Enzymatic-Reactions	NIL	-	-	RXN-7697	-
ENZRXNSEN2-8880	Enzymatic-Reactions	NIL	-	-	RXN-7697	-
ENZRXNSEN2-8827	Enzymatic-Reactions	NIL	-	-	RXN-7697	-
ENZRXNSEN2-8731	Enzymatic-Reactions	NIL	-	-	RXN-7697	-
ENZRXNSEN2-8610	Enzymatic-Reactions	NIL	-	-	RXN-7697	-
ENZRXNSEN2-8476	Enzymatic-Reactions	NIL	-	-	RXN-7697	-
ENZRXNSEN2-8309	Enzymatic-Reactions	NIL	-	-	RXN-7697	-
ENZRXNSEN2-8033	Enzymatic-Reactions	NIL	-	-	RXN-7697	-
ENZRXNSEN2-6971	Enzymatic-Reactions	NIL	-	-	RXN-7697	-
ENZRXNSEN2-6921	Enzymatic-Reactions	NIL	-	-	RXN-7697	-
ENZRXNSEN2-6898	Enzymatic-Reactions	NIL	-	-	RXN-7697	-
ENZRXNSEN2-6527	Enzymatic-Reactions	NIL	-	-	RXN-7697	-
ENZRXNSEN2-6476	Enzymatic-Reactions	NIL	-	-	RXN-7697	-
ENZRXNSEN2-6455	Enzymatic-Reactions	NIL	-	-	RXN-7697	-
ENZRXNSEN2-6454	Enzymatic-Reactions	NIL	-	-	RXN-7697	-
ENZRXNSEN2-6017	Enzymatic-Reactions	NIL	-	-	RXN-7697	-
ENZRXNSEN2-6008	Enzymatic-Reactions	NIL	-	-	RXN-7697	-
ENZRXNSEN2-5822	Enzymatic-Reactions	NIL	-	-	RXN-7697	-
ENZRXNSEN2-5821	Enzymatic-Reactions	NIL	-	-	RXN-7697	-
ENZRXNSEN2-5532	Enzymatic-Reactions	NIL	-	-	RXN-7697	-
ENZRXNSEN2-5049	Enzymatic-Reactions	NIL	-	-	RXN-7697	-
ENZRXNSEN2-2475	Enzymatic-Reactions	NIL	-	-	RXN-7697	-
ENZRXNSEN2-1890	Enzymatic-Reactions	NIL	-	-	RXN-7697	-
ENZRXNSEN2-1601	Enzymatic-Reactions	NIL	-	-	RXN-7697	-
ENZRXNSEN2-1513	Enzymatic-Reactions	NIL	-	-	RXN-7697	-
ENZRXNSEN2-1356	Enzymatic-Reactions	NIL	-	-	RXN-7697	-
ENZRXNSEN2-9297	Enzymatic-Reactions	NIL	-	-	PHOSPHOLIPASE-A1-RXN	-
ENZRXNSEN2-9101	Enzymatic-Reactions	NIL	-	-	PHOSPHOLIPASE-A1-RXN	-
ENZRXNSEN2-9015	Enzymatic-Reactions	NIL	-	-	PHOSPHOLIPASE-A1-RXN	-
ENZRXNSEN2-8698	Enzymatic-Reactions	NIL	-	-	PHOSPHOLIPASE-A1-RXN	-
ENZRXNSEN2-8574	Enzymatic-Reactions	NIL	-	-	PHOSPHOLIPASE-A1-RXN	-
ENZRXNSEN2-8353	Enzymatic-Reactions	NIL	-	-	PHOSPHOLIPASE-A1-RXN	-
ENZRXNSEN2-7332	Enzymatic-Reactions	NIL	-	-	PHOSPHOLIPASE-A1-RXN	-
ENZRXNSEN2-7331	Enzymatic-Reactions	NIL	-	-	PHOSPHOLIPASE-A1-RXN	-
ENZRXNSEN2-7151	Enzymatic-Reactions	NIL	-	-	PHOSPHOLIPASE-A1-RXN	-
ENZRXNSEN2-6359	Enzymatic-Reactions	NIL	-	-	PHOSPHOLIPASE-A1-RXN	-
ENZRXNSEN2-6010	Enzymatic-Reactions	NIL	-	-	PHOSPHOLIPASE-A1-RXN	-
ENZRXNSEN2-5755	Enzymatic-Reactions	NIL	-	-	PHOSPHOLIPASE-A1-RXN	-
ENZRXNSEN2-5395	Enzymatic-Reactions	NIL	-	-	PHOSPHOLIPASE-A1-RXN	-
ENZRXNSEN2-4780	Enzymatic-Reactions	NIL	-	-	PHOSPHOLIPASE-A1-RXN	-
ENZRXNSEN2-4567	Enzymatic-Reactions	NIL	-	-	PHOSPHOLIPASE-A1-RXN	-
ENZRXNSEN2-4561	Enzymatic-Reactions	NIL	-	-	PHOSPHOLIPASE-A1-RXN	-
ENZRXNSEN2-4123	Enzymatic-Reactions	NIL	-	-	PHOSPHOLIPASE-A1-RXN	-
ENZRXNSEN2-1743	Enzymatic-Reactions	NIL	-	-	PHOSPHOLIPASE-A1-RXN	-
ENZRXNSEN2-1508	Enzymatic-Reactions	NIL	-	-	PHOSPHOLIPASE-A1-RXN	-
ENZRXNSEN2-982	Enzymatic-Reactions	NIL	-	-	PHOSPHOLIPASE-A1-RXN	-
ENZRXNSEN2-857	Enzymatic-Reactions	NIL	-	-	PHOSPHOLIPASE-A1-RXN	-
ENZRXNSEN2-218	Enzymatic-Reactions	NIL	-	-	PHOSPHOLIPASE-A1-RXN	-
ENZRXNSEN2-2525	Enzymatic-Reactions	NIL	-	-	CONIFERIN-BETA-GLUCOSIDASE-RXN	-
ENZRXNSEN2-9672	Enzymatic-Reactions	NIL	-	-	2.3.1.158-RXN	-
ENZRXNSEN2-8324	Enzymatic-Reactions	NIL	-	-	2.3.1.158-RXN	-
ENZRXNSEN2-5105	Enzymatic-Reactions	NIL	-	-	2.3.1.158-RXN	-
ENZRXNSEN2-4597	Enzymatic-Reactions	NIL	-	-	2.3.1.158-RXN	-
ENZRXNSEN2-1015	Enzymatic-Reactions	NIL	-	-	2.3.1.158-RXN	-
ENZRXNSEN2-9198	Enzymatic-Reactions	NIL	-	-	F16BDEPHOS-RXN	-
ENZRXNSEN2-8734	Enzymatic-Reactions	NIL	-	-	F16BDEPHOS-RXN	-
ENZRXNSEN2-4745	Enzymatic-Reactions	NIL	-	-	F16BDEPHOS-RXN	-
ENZRXNSEN2-2284	Enzymatic-Reactions	NIL	-	-	F16BDEPHOS-RXN	-
ENZRXNSEN2-497	Enzymatic-Reactions	NIL	-	-	F16BDEPHOS-RXN	-
ENZRXNSEN2-450	Enzymatic-Reactions	NIL	-	-	F16BDEPHOS-RXN	-
ENZRXNSEN2-5272	Enzymatic-Reactions	NIL	-	-	RXN-12292	-
ENZRXNSEN2-8803	Enzymatic-Reactions	NIL	-	-	UDP-ARABINOSE-4-EPIMERASE-RXN	-
ENZRXNSEN2-8713	Enzymatic-Reactions	NIL	-	-	UDP-ARABINOSE-4-EPIMERASE-RXN	-
ENZRXNSEN2-5698	Enzymatic-Reactions	NIL	-	-	UDP-ARABINOSE-4-EPIMERASE-RXN	-
ENZRXNSEN2-1477	Enzymatic-Reactions	NIL	-	-	UDP-ARABINOSE-4-EPIMERASE-RXN	-
ENZRXNSEN2-885	Enzymatic-Reactions	NIL	-	-	UDP-ARABINOSE-4-EPIMERASE-RXN	-
ENZRXNSEN2-7914	Enzymatic-Reactions	NIL	-	-	PHOSPHATIDYLINOSITOL-BISPHOSPHATASE-RXN	-
ENZRXNSEN2-7375	Enzymatic-Reactions	NIL	-	-	PHOSPHATIDYLINOSITOL-BISPHOSPHATASE-RXN	-
ENZRXNSEN2-7066	Enzymatic-Reactions	NIL	-	-	PHOSPHATIDYLINOSITOL-BISPHOSPHATASE-RXN	-
ENZRXNSEN2-4966	Enzymatic-Reactions	NIL	-	-	PHOSPHATIDYLINOSITOL-BISPHOSPHATASE-RXN	-
ENZRXNSEN2-4621	Enzymatic-Reactions	NIL	-	-	PHOSPHATIDYLINOSITOL-BISPHOSPHATASE-RXN	-
ENZRXNSEN2-4581	Enzymatic-Reactions	NIL	-	-	PHOSPHATIDYLINOSITOL-BISPHOSPHATASE-RXN	-
ENZRXNSEN2-4003	Enzymatic-Reactions	NIL	-	-	PHOSPHATIDYLINOSITOL-BISPHOSPHATASE-RXN	-
ENZRXNSEN2-3832	Enzymatic-Reactions	NIL	-	-	PHOSPHATIDYLINOSITOL-BISPHOSPHATASE-RXN	-
ENZRXNSEN2-2319	Enzymatic-Reactions	NIL	-	-	PHOSPHATIDYLINOSITOL-BISPHOSPHATASE-RXN	-
ENZRXNSEN2-2317	Enzymatic-Reactions	NIL	-	-	PHOSPHATIDYLINOSITOL-BISPHOSPHATASE-RXN	-
ENZRXNSEN2-1977	Enzymatic-Reactions	NIL	-	-	PHOSPHATIDYLINOSITOL-BISPHOSPHATASE-RXN	-
ENZRXNSEN2-993	Enzymatic-Reactions	NIL	-	-	PHOSPHATIDYLINOSITOL-BISPHOSPHATASE-RXN	-
ENZRXNSEN2-693	Enzymatic-Reactions	NIL	-	-	PHOSPHATIDYLINOSITOL-BISPHOSPHATASE-RXN	-
ENZRXNSEN2-251	Enzymatic-Reactions	NIL	-	-	PHOSPHATIDYLINOSITOL-BISPHOSPHATASE-RXN	-
ENZRXNSEN2-208	Enzymatic-Reactions	NIL	-	-	PHOSPHATIDYLINOSITOL-BISPHOSPHATASE-RXN	-
ENZRXNSEN2-16	Enzymatic-Reactions	NIL	-	-	PHOSPHATIDYLINOSITOL-BISPHOSPHATASE-RXN	-
ENZRXNSEN2-7915	Enzymatic-Reactions	NIL	-	-	RXN-10036	-
ENZRXNSEN2-7376	Enzymatic-Reactions	NIL	-	-	RXN-10036	-
ENZRXNSEN2-7067	Enzymatic-Reactions	NIL	-	-	RXN-10036	-
ENZRXNSEN2-4967	Enzymatic-Reactions	NIL	-	-	RXN-10036	-
ENZRXNSEN2-4622	Enzymatic-Reactions	NIL	-	-	RXN-10036	-
ENZRXNSEN2-4582	Enzymatic-Reactions	NIL	-	-	RXN-10036	-
ENZRXNSEN2-4004	Enzymatic-Reactions	NIL	-	-	RXN-10036	-
ENZRXNSEN2-3833	Enzymatic-Reactions	NIL	-	-	RXN-10036	-
ENZRXNSEN2-2320	Enzymatic-Reactions	NIL	-	-	RXN-10036	-
ENZRXNSEN2-2318	Enzymatic-Reactions	NIL	-	-	RXN-10036	-
ENZRXNSEN2-1978	Enzymatic-Reactions	NIL	-	-	RXN-10036	-
ENZRXNSEN2-994	Enzymatic-Reactions	NIL	-	-	RXN-10036	-
ENZRXNSEN2-694	Enzymatic-Reactions	NIL	-	-	RXN-10036	-
ENZRXNSEN2-252	Enzymatic-Reactions	NIL	-	-	RXN-10036	-
ENZRXNSEN2-209	Enzymatic-Reactions	NIL	-	-	RXN-10036	-
ENZRXNSEN2-17	Enzymatic-Reactions	NIL	-	-	RXN-10036	-
ENZRXNSEN2-6069	Enzymatic-Reactions	NIL	-	-	RXN-7913	-
ENZRXNSEN2-9753	Enzymatic-Reactions	NIL	-	-	RXN-17855	-
ENZRXNSEN2-7997	Enzymatic-Reactions	NIL	-	-	RXN-17855	-
ENZRXNSEN2-4319	Enzymatic-Reactions	NIL	-	-	RXN-17855	-
ENZRXNSEN2-4075	Enzymatic-Reactions	NIL	-	-	RXN-17855	-
ENZRXNSEN2-3633	Enzymatic-Reactions	NIL	-	-	RXN-17855	-
ENZRXNSEN2-3180	Enzymatic-Reactions	NIL	-	-	DUTP-PYROP-RXN	-
ENZRXNSEN2-8539	Enzymatic-Reactions	NIL	-	-	DIHYDROXYISOVALDEHYDRAT-RXN	-
ENZRXNSEN2-3715	Enzymatic-Reactions	NIL	-	-	RXN-1541	-
ENZRXNSEN2-7264	Enzymatic-Reactions	NIL	-	-	RXN-9104	-
ENZRXNSEN2-6945	Enzymatic-Reactions	NIL	-	-	RXN-9104	-
ENZRXNSEN2-5907	Enzymatic-Reactions	NIL	-	-	RXN-9104	-
ENZRXNSEN2-5872	Enzymatic-Reactions	NIL	-	-	RXN-9104	-
ENZRXNSEN2-5556	Enzymatic-Reactions	NIL	-	-	RXN-9104	-
ENZRXNSEN2-4903	Enzymatic-Reactions	NIL	-	-	RXN-9104	-
ENZRXNSEN2-4555	Enzymatic-Reactions	NIL	-	-	RXN-9104	-
ENZRXNSEN2-2936	Enzymatic-Reactions	NIL	-	-	RXN-9104	-
ENZRXNSEN2-1711	Enzymatic-Reactions	NIL	-	-	RXN-9104	-
ENZRXNSEN2-1580	Enzymatic-Reactions	NIL	-	-	RXN-9104	-
ENZRXNSEN2-260	Enzymatic-Reactions	NIL	-	-	RXN-9104	-
ENZRXNSEN2-163	Enzymatic-Reactions	NIL	-	-	RXN-9104	-
ENZRXNSEN2-9740	Enzymatic-Reactions	NIL	-	-	RXN-7632	-
ENZRXNSEN2-3663	Enzymatic-Reactions	NIL	-	-	RXN-7632	-
ENZRXNSEN2-5985	Enzymatic-Reactions	NIL	-	-	PHENYLALANINE-AMMONIA-LYASE-RXN	-
ENZRXNSEN2-4545	Enzymatic-Reactions	NIL	-	-	PHENYLALANINE-AMMONIA-LYASE-RXN	-
ENZRXNSEN2-4065	Enzymatic-Reactions	NIL	-	-	PHENYLALANINE-AMMONIA-LYASE-RXN	-
ENZRXNSEN2-1336	Enzymatic-Reactions	NIL	-	-	PHENYLALANINE-AMMONIA-LYASE-RXN	-
ENZRXNSEN2-836	Enzymatic-Reactions	NIL	-	-	PHENYLALANINE-AMMONIA-LYASE-RXN	-
ENZRXNSEN2-268	Enzymatic-Reactions	NIL	-	-	PHENYLALANINE-AMMONIA-LYASE-RXN	-
ENZRXNSEN2-7913	Enzymatic-Reactions	NIL	-	-	RXN-15513	-
ENZRXNSEN2-4313	Enzymatic-Reactions	NIL	-	-	RXN-15513	-
ENZRXNSEN2-2971	Enzymatic-Reactions	NIL	-	-	RXN-15513	-
ENZRXNSEN2-9789	Enzymatic-Reactions	NIL	-	-	RXN-1106	-
ENZRXNSEN2-4271	Enzymatic-Reactions	NIL	-	-	RXN-1106	-
ENZRXNSEN2-7902	Enzymatic-Reactions	NIL	-	-	SHIKIMATE-KINASE-RXN	-
ENZRXNSEN2-7900	Enzymatic-Reactions	NIL	-	-	SHIKIMATE-KINASE-RXN	-
ENZRXNSEN2-7716	Enzymatic-Reactions	NIL	-	-	SHIKIMATE-KINASE-RXN	-
ENZRXNSEN2-6748	Enzymatic-Reactions	NIL	-	-	3.1.4.11-RXN	-
ENZRXNSEN2-6747	Enzymatic-Reactions	NIL	-	-	3.1.4.11-RXN	-
ENZRXNSEN2-6746	Enzymatic-Reactions	NIL	-	-	3.1.4.11-RXN	-
ENZRXNSEN2-3269	Enzymatic-Reactions	NIL	-	-	3.1.4.11-RXN	-
ENZRXNSEN2-3268	Enzymatic-Reactions	NIL	-	-	3.1.4.11-RXN	-
ENZRXNSEN2-3111	Enzymatic-Reactions	NIL	-	-	3.1.4.11-RXN	-
ENZRXNSEN2-2411	Enzymatic-Reactions	NIL	-	-	3.1.4.11-RXN	-
ENZRXNSEN2-7304	Enzymatic-Reactions	NIL	-	-	DEOXYADENOSINE-KINASE-RXN	-
ENZRXNSEN2-4788	Enzymatic-Reactions	NIL	-	-	DEOXYADENOSINE-KINASE-RXN	-
ENZRXNSEN2-2009	Enzymatic-Reactions	NIL	-	-	GALACTURONOKINASE-RXN	-
ENZRXNSEN2-8815	Enzymatic-Reactions	NIL	-	-	RXN-1225	-
ENZRXNSEN2-8008	Enzymatic-Reactions	NIL	-	-	RXN-1225	-
ENZRXNSEN2-4467	Enzymatic-Reactions	NIL	-	-	RXN-1225	-
ENZRXNSEN2-3567	Enzymatic-Reactions	NIL	-	-	RXN-1225	-
ENZRXNSEN2-485	Enzymatic-Reactions	NIL	-	-	RXN-1225	-
ENZRXNSEN2-324	Enzymatic-Reactions	NIL	-	-	RXN-1225	-
ENZRXNSEN2-9488	Enzymatic-Reactions	NIL	-	-	MYO-INOSITOL-OXYGENASE-RXN	-
ENZRXNSEN2-3685	Enzymatic-Reactions	NIL	-	-	MYO-INOSITOL-OXYGENASE-RXN	-
ENZRXNSEN2-2028	Enzymatic-Reactions	NIL	-	-	MYO-INOSITOL-OXYGENASE-RXN	-
ENZRXNSEN2-396	Enzymatic-Reactions	NIL	-	-	MYO-INOSITOL-OXYGENASE-RXN	-
ENZRXNSEN2-8879	Enzymatic-Reactions	NIL	-	-	RXN-9245	-
ENZRXNSEN2-8878	Enzymatic-Reactions	NIL	-	-	RXN-9245	-
ENZRXNSEN2-5508	Enzymatic-Reactions	NIL	-	-	RXN-9245	-
ENZRXNSEN2-4784	Enzymatic-Reactions	NIL	-	-	RXN-9245	-
ENZRXNSEN2-2811	Enzymatic-Reactions	NIL	-	-	RXN-9245	-
ENZRXNSEN2-6378	Enzymatic-Reactions	NIL	-	-	GLUCOKIN-RXN	-
ENZRXNSEN2-4220	Enzymatic-Reactions	NIL	-	-	GLUCOKIN-RXN	-
ENZRXNSEN2-2033	Enzymatic-Reactions	NIL	-	-	GLUCOKIN-RXN	-
ENZRXNSEN2-1523	Enzymatic-Reactions	NIL	-	-	GLUCOKIN-RXN	-
ENZRXNSEN2-5275	Enzymatic-Reactions	NIL	-	-	RXN-12296	-
ENZRXNSEN2-7031	Enzymatic-Reactions	NIL	-	-	2.7.7.44-RXN	-
ENZRXNSEN2-7636	Enzymatic-Reactions	NIL	-	-	PHOSGLYPHOS-RXN	-
ENZRXNSEN2-9132	Enzymatic-Reactions	NIL	-	-	PEPCARBOXYKIN-RXN	-
ENZRXNSEN2-8449	Enzymatic-Reactions	NIL	-	-	PEPCARBOXYKIN-RXN	-
ENZRXNSEN2-6964	Enzymatic-Reactions	NIL	-	-	PEPCARBOXYKIN-RXN	-
ENZRXNSEN2-5420	Enzymatic-Reactions	NIL	-	-	PEPCARBOXYKIN-RXN	-
ENZRXNSEN2-874	Enzymatic-Reactions	NIL	-	-	PEPCARBOXYKIN-RXN	-
ENZRXNSEN2-698	Enzymatic-Reactions	NIL	-	-	PEPCARBOXYKIN-RXN	-
ENZRXNSEN2-697	Enzymatic-Reactions	NIL	-	-	PEPCARBOXYKIN-RXN	-
ENZRXNSEN2-532	Enzymatic-Reactions	NIL	-	-	RXN-16332	-
ENZRXNSEN2-9152	Enzymatic-Reactions	NIL	-	-	RXN-10749	-
ENZRXNSEN2-7768	Enzymatic-Reactions	NIL	-	-	RXN-10749	-
ENZRXNSEN2-7767	Enzymatic-Reactions	NIL	-	-	RXN-10749	-
ENZRXNSEN2-5554	Enzymatic-Reactions	NIL	-	-	RXN-10749	-
ENZRXNSEN2-4302	Enzymatic-Reactions	NIL	-	-	RXN-10749	-
ENZRXNSEN2-793	Enzymatic-Reactions	NIL	-	-	RXN-10749	-
ENZRXNSEN2-760	Enzymatic-Reactions	NIL	-	-	RXN-10749	-
ENZRXNSEN2-2768	Enzymatic-Reactions	NIL	-	-	HOMOSERKIN-RXN	-
ENZRXNSEN2-4529	Enzymatic-Reactions	NIL	-	-	RXN-4735	-
ENZRXNSEN2-4527	Enzymatic-Reactions	NIL	-	-	RXN-4735	-
ENZRXNSEN2-4525	Enzymatic-Reactions	NIL	-	-	RXN-4735	-
ENZRXNSEN2-4520	Enzymatic-Reactions	NIL	-	-	RXN-4735	-
ENZRXNSEN2-4518	Enzymatic-Reactions	NIL	-	-	RXN-4735	-
ENZRXNSEN2-4516	Enzymatic-Reactions	NIL	-	-	RXN-4735	-
ENZRXNSEN2-4510	Enzymatic-Reactions	NIL	-	-	RXN-4735	-
ENZRXNSEN2-3242	Enzymatic-Reactions	NIL	-	-	RXN-4735	-
ENZRXNSEN2-3240	Enzymatic-Reactions	NIL	-	-	RXN-4735	-
ENZRXNSEN2-3146	Enzymatic-Reactions	NIL	-	-	RXN-4735	-
ENZRXNSEN2-2352	Enzymatic-Reactions	NIL	-	-	RXN-4735	-
ENZRXNSEN2-1333	Enzymatic-Reactions	NIL	-	-	RXN-4735	-
ENZRXNSEN2-1331	Enzymatic-Reactions	NIL	-	-	RXN-4735	-
ENZRXNSEN2-1329	Enzymatic-Reactions	NIL	-	-	RXN-4735	-
ENZRXNSEN2-656	Enzymatic-Reactions	NIL	-	-	RXN-4735	-
ENZRXNSEN2-476	Enzymatic-Reactions	NIL	-	-	RXN-4735	-
ENZRXNSEN2-293	Enzymatic-Reactions	NIL	-	-	RXN-4735	-
ENZRXNSEN2-290	Enzymatic-Reactions	NIL	-	-	RXN-4735	-
ENZRXNSEN2-287	Enzymatic-Reactions	NIL	-	-	RXN-4735	-
ENZRXNSEN2-9751	Enzymatic-Reactions	NIL	-	-	RXN-17853	-
ENZRXNSEN2-4628	Enzymatic-Reactions	NIL	-	-	RXN-17853	-
ENZRXNSEN2-4073	Enzymatic-Reactions	NIL	-	-	RXN-17853	-
ENZRXNSEN2-3631	Enzymatic-Reactions	NIL	-	-	RXN-17853	-
ENZRXNSEN2-1005	Enzymatic-Reactions	NIL	-	-	RXN-17853	-
ENZRXNSEN2-4925	Enzymatic-Reactions	NIL	-	-	BIOTINLIG-RXN	-
ENZRXNSEN2-2988	Enzymatic-Reactions	NIL	-	-	BIOTINLIG-RXN	-
ENZRXNSEN2-4033	Enzymatic-Reactions	NIL	-	-	PHOSPHATIDYLINOSITOL-3-PHOSPHATASE-RXN	-
ENZRXNSEN2-2413	Enzymatic-Reactions	NIL	-	-	PHOSPHATIDYLINOSITOL-3-PHOSPHATASE-RXN	-
ENZRXNSEN2-7046	Enzymatic-Reactions	NIL	-	-	RXN-7903	-
ENZRXNSEN2-7045	Enzymatic-Reactions	NIL	-	-	RXN-7903	-
ENZRXNSEN2-4960	Enzymatic-Reactions	NIL	-	-	RXN-7903	-
ENZRXNSEN2-1409	Enzymatic-Reactions	NIL	-	-	RXN-7903	-
ENZRXNSEN2-3324	Enzymatic-Reactions	NIL	-	-	RXN-7654	-
ENZRXNSEN2-3003	Enzymatic-Reactions	NIL	-	-	RXN-7654	-
ENZRXNSEN2-737	Enzymatic-Reactions	NIL	-	-	RXN-7654	-
ENZRXNSEN2-725	Enzymatic-Reactions	NIL	-	-	RXN-7654	-
ENZRXNSEN2-9749	Enzymatic-Reactions	NIL	-	-	RXN-17851	-
ENZRXNSEN2-4626	Enzymatic-Reactions	NIL	-	-	RXN-17851	-
ENZRXNSEN2-4071	Enzymatic-Reactions	NIL	-	-	RXN-17851	-
ENZRXNSEN2-3629	Enzymatic-Reactions	NIL	-	-	RXN-17851	-
ENZRXNSEN2-1003	Enzymatic-Reactions	NIL	-	-	RXN-17851	-
ENZRXNSEN2-7961	Enzymatic-Reactions	NIL	-	-	DTMPKI-RXN	-
ENZRXNSEN2-7195	Enzymatic-Reactions	NIL	-	-	DTMPKI-RXN	-
ENZRXNSEN2-5870	Enzymatic-Reactions	NIL	-	-	PHOSPHOGLUCMUT-RXN	-
ENZRXNSEN2-5865	Enzymatic-Reactions	NIL	-	-	PHOSPHOGLUCMUT-RXN	-
ENZRXNSEN2-3922	Enzymatic-Reactions	NIL	-	-	PHOSPHOGLUCMUT-RXN	-
ENZRXNSEN2-3919	Enzymatic-Reactions	NIL	-	-	PHOSPHOGLUCMUT-RXN	-
ENZRXNSEN2-2380	Enzymatic-Reactions	NIL	-	-	PHOSPHOGLUCMUT-RXN	-
ENZRXNSEN2-1934	Enzymatic-Reactions	NIL	-	-	PHOSPHOGLUCMUT-RXN	-
ENZRXNSEN2-8792	Enzymatic-Reactions	NIL	-	-	RXN-2602	-
ENZRXNSEN2-8784	Enzymatic-Reactions	NIL	-	-	RXN-2602	-
ENZRXNSEN2-8782	Enzymatic-Reactions	NIL	-	-	RXN-2602	-
ENZRXNSEN2-8780	Enzymatic-Reactions	NIL	-	-	RXN-2602	-
ENZRXNSEN2-3915	Enzymatic-Reactions	NIL	-	-	RXN-2602	-
ENZRXNSEN2-3912	Enzymatic-Reactions	NIL	-	-	RXN-2602	-
ENZRXNSEN2-399	Enzymatic-Reactions	NIL	-	-	RXN-2602	-
ENZRXNSEN2-5504	Enzymatic-Reactions	NIL	-	-	RXN-6723	-
ENZRXNSEN2-4906	Enzymatic-Reactions	NIL	-	-	RXN-6723	-
ENZRXNSEN2-2720	Enzymatic-Reactions	NIL	-	-	RXN-6723	-
ENZRXNSEN2-2719	Enzymatic-Reactions	NIL	-	-	RXN-6723	-
ENZRXNSEN2-2718	Enzymatic-Reactions	NIL	-	-	RXN-6723	-
ENZRXNSEN2-2717	Enzymatic-Reactions	NIL	-	-	RXN-6723	-
ENZRXNSEN2-1626	Enzymatic-Reactions	NIL	-	-	RXN-6723	-
ENZRXNSEN2-1625	Enzymatic-Reactions	NIL	-	-	RXN-6723	-
ENZRXNSEN2-1623	Enzymatic-Reactions	NIL	-	-	RXN-6723	-
ENZRXNSEN2-1622	Enzymatic-Reactions	NIL	-	-	RXN-6723	-
ENZRXNSEN2-1621	Enzymatic-Reactions	NIL	-	-	RXN-6723	-
ENZRXNSEN2-340	Enzymatic-Reactions	NIL	-	-	RXN-6723	-
ENZRXNSEN2-9184	Enzymatic-Reactions	NIL	-	-	RXN-12297	-
ENZRXNSEN2-9156	Enzymatic-Reactions	NIL	-	-	RXN-12297	-
ENZRXNSEN2-7352	Enzymatic-Reactions	NIL	-	-	RXN-12297	-
ENZRXNSEN2-6205	Enzymatic-Reactions	NIL	-	-	RXN-12297	-
ENZRXNSEN2-6198	Enzymatic-Reactions	NIL	-	-	RXN-12297	-
ENZRXNSEN2-4736	Enzymatic-Reactions	NIL	-	-	RXN-12297	-
ENZRXNSEN2-4340	Enzymatic-Reactions	NIL	-	-	RXN-12297	-
ENZRXNSEN2-3767	Enzymatic-Reactions	NIL	-	-	RXN-12297	-
ENZRXNSEN2-3391	Enzymatic-Reactions	NIL	-	-	RXN-12297	-
ENZRXNSEN2-2060	Enzymatic-Reactions	NIL	-	-	RXN-12297	-
ENZRXNSEN2-1663	Enzymatic-Reactions	NIL	-	-	RXN-12297	-
ENZRXNSEN2-1656	Enzymatic-Reactions	NIL	-	-	RXN-12297	-
ENZRXNSEN2-100	Enzymatic-Reactions	NIL	-	-	RXN-12297	-
ENZRXNSEN2-7654	Enzymatic-Reactions	NIL	-	-	6PGLUCONOLACT-RXN	-
ENZRXNSEN2-7648	Enzymatic-Reactions	NIL	-	-	6PGLUCONOLACT-RXN	-
ENZRXNSEN2-7630	Enzymatic-Reactions	NIL	-	-	6PGLUCONOLACT-RXN	-
ENZRXNSEN2-7629	Enzymatic-Reactions	NIL	-	-	6PGLUCONOLACT-RXN	-
ENZRXNSEN2-7628	Enzymatic-Reactions	NIL	-	-	6PGLUCONOLACT-RXN	-
ENZRXNSEN2-6813	Enzymatic-Reactions	NIL	-	-	6PGLUCONOLACT-RXN	-
ENZRXNSEN2-6812	Enzymatic-Reactions	NIL	-	-	6PGLUCONOLACT-RXN	-
ENZRXNSEN2-6811	Enzymatic-Reactions	NIL	-	-	6PGLUCONOLACT-RXN	-
ENZRXNSEN2-6807	Enzymatic-Reactions	NIL	-	-	6PGLUCONOLACT-RXN	-
ENZRXNSEN2-5783	Enzymatic-Reactions	NIL	-	-	6PGLUCONOLACT-RXN	-
ENZRXNSEN2-3083	Enzymatic-Reactions	NIL	-	-	6PGLUCONOLACT-RXN	-
ENZRXNSEN2-3082	Enzymatic-Reactions	NIL	-	-	6PGLUCONOLACT-RXN	-
ENZRXNSEN2-1826	Enzymatic-Reactions	NIL	-	-	6PGLUCONOLACT-RXN	-
ENZRXNSEN2-5773	Enzymatic-Reactions	NIL	-	-	UGD-RXN	-
ENZRXNSEN2-1816	Enzymatic-Reactions	NIL	-	-	UGD-RXN	-
ENZRXNSEN2-1155	Enzymatic-Reactions	NIL	-	-	UGD-RXN	-
ENZRXNSEN2-659	Enzymatic-Reactions	NIL	-	-	UGD-RXN	-
ENZRXNSEN2-8027	Enzymatic-Reactions	NIL	-	-	RXN-11540	-
ENZRXNSEN2-5859	Enzymatic-Reactions	NIL	-	-	RXN-11540	-
ENZRXNSEN2-2817	Enzymatic-Reactions	NIL	-	-	RXN-11540	-
ENZRXNSEN2-2815	Enzymatic-Reactions	NIL	-	-	RXN-11540	-
ENZRXNSEN2-1124	Enzymatic-Reactions	NIL	-	-	RXN-11540	-
ENZRXNSEN2-131	Enzymatic-Reactions	NIL	-	-	RXN-11540	-
ENZRXNSEN2-8653	Enzymatic-Reactions	NIL	-	-	SQUALENE-MONOOXYGENASE-RXN	-
ENZRXNSEN2-6868	Enzymatic-Reactions	NIL	-	-	SQUALENE-MONOOXYGENASE-RXN	-
ENZRXNSEN2-1533	Enzymatic-Reactions	NIL	-	-	SQUALENE-MONOOXYGENASE-RXN	-
ENZRXNSEN2-826	Enzymatic-Reactions	NIL	-	-	SQUALENE-MONOOXYGENASE-RXN	-
ENZRXNSEN2-3104	Enzymatic-Reactions	NIL	-	-	RXN-12362	-
ENZRXNSEN2-2803	Enzymatic-Reactions	NIL	-	-	RXN-12362	-
ENZRXNSEN2-9131	Enzymatic-Reactions	NIL	-	-	4.1.1.32-RXN	-
ENZRXNSEN2-6963	Enzymatic-Reactions	NIL	-	-	4.1.1.32-RXN	-
ENZRXNSEN2-8280	Enzymatic-Reactions	NIL	-	-	RIBULOSE-BISPHOSPHATE-CARBOXYLASE-RXN	-
ENZRXNSEN2-4427	Enzymatic-Reactions	NIL	-	-	RIBULOSE-BISPHOSPHATE-CARBOXYLASE-RXN	-
ENZRXNSEN2-2497	Enzymatic-Reactions	NIL	-	-	RIBULOSE-BISPHOSPHATE-CARBOXYLASE-RXN	-
ENZRXNSEN2-10	Enzymatic-Reactions	NIL	-	-	RIBULOSE-BISPHOSPHATE-CARBOXYLASE-RXN	-
ENZRXNSEN2-3	Enzymatic-Reactions	NIL	-	-	RIBULOSE-BISPHOSPHATE-CARBOXYLASE-RXN	-
ENZRXNSEN2-9750	Enzymatic-Reactions	NIL	-	-	RXN-17852	-
ENZRXNSEN2-4627	Enzymatic-Reactions	NIL	-	-	RXN-17852	-
ENZRXNSEN2-4072	Enzymatic-Reactions	NIL	-	-	RXN-17852	-
ENZRXNSEN2-3630	Enzymatic-Reactions	NIL	-	-	RXN-17852	-
ENZRXNSEN2-1004	Enzymatic-Reactions	NIL	-	-	RXN-17852	-
ENZRXNSEN2-5273	Enzymatic-Reactions	NIL	-	-	RXN-12293	-
ENZRXNSEN2-4042	Enzymatic-Reactions	NIL	-	-	RXN-12277	-
ENZRXNSEN2-831	Enzymatic-Reactions	NIL	-	-	RXN-12277	-
ENZRXNSEN2-8678	Enzymatic-Reactions	NIL	-	-	GLUC1PURIDYLTRANS-RXN	-
ENZRXNSEN2-7033	Enzymatic-Reactions	NIL	-	-	GLUC1PURIDYLTRANS-RXN	-
ENZRXNSEN2-6696	Enzymatic-Reactions	NIL	-	-	GLUC1PURIDYLTRANS-RXN	-
ENZRXNSEN2-3166	Enzymatic-Reactions	NIL	-	-	GLUC1PURIDYLTRANS-RXN	-
ENZRXNSEN2-3102	Enzymatic-Reactions	NIL	-	-	GLUC1PURIDYLTRANS-RXN	-
ENZRXNSEN2-8344	Enzymatic-Reactions	NIL	-	-	1TRANSKETO-RXN	-
ENZRXNSEN2-6076	Enzymatic-Reactions	NIL	-	-	1TRANSKETO-RXN	-
ENZRXNSEN2-9728	Enzymatic-Reactions	NIL	-	-	MALIC-NADP-RXN	-
ENZRXNSEN2-6956	Enzymatic-Reactions	NIL	-	-	MALIC-NADP-RXN	-
ENZRXNSEN2-4218	Enzymatic-Reactions	NIL	-	-	MALIC-NADP-RXN	-
ENZRXNSEN2-4049	Enzymatic-Reactions	NIL	-	-	MALIC-NADP-RXN	-
ENZRXNSEN2-3680	Enzymatic-Reactions	NIL	-	-	MALIC-NADP-RXN	-
ENZRXNSEN2-6760	Enzymatic-Reactions	NIL	-	-	RXN-5682	-
ENZRXNSEN2-1101	Enzymatic-Reactions	NIL	-	-	RXN-5682	-
ENZRXNSEN2-7955	Enzymatic-Reactions	NIL	-	-	RXN-3142	-
ENZRXNSEN2-7954	Enzymatic-Reactions	NIL	-	-	RXN-3142	-
ENZRXNSEN2-7321	Enzymatic-Reactions	NIL	-	-	RXN-3142	-
ENZRXNSEN2-7320	Enzymatic-Reactions	NIL	-	-	RXN-3142	-
ENZRXNSEN2-6593	Enzymatic-Reactions	NIL	-	-	RXN-3142	-
ENZRXNSEN2-6592	Enzymatic-Reactions	NIL	-	-	RXN-3142	-
ENZRXNSEN2-1030	Enzymatic-Reactions	NIL	-	-	RXN-3142	-
ENZRXNSEN2-8227	Enzymatic-Reactions	NIL	-	-	RXN66-526	-
ENZRXNSEN2-9658	Enzymatic-Reactions	NIL	-	-	RXN-10938	-
ENZRXNSEN2-8424	Enzymatic-Reactions	NIL	-	-	RXN-10938	-
ENZRXNSEN2-7302	Enzymatic-Reactions	NIL	-	-	RXN-10938	-
ENZRXNSEN2-7149	Enzymatic-Reactions	NIL	-	-	RXN-10938	-
ENZRXNSEN2-7068	Enzymatic-Reactions	NIL	-	-	RXN-10938	-
ENZRXNSEN2-3731	Enzymatic-Reactions	NIL	-	-	RXN-10938	-
ENZRXNSEN2-9804	Enzymatic-Reactions	NIL	-	-	4-COUMARATE--COA-LIGASE-RXN	-
ENZRXNSEN2-8275	Enzymatic-Reactions	NIL	-	-	4-COUMARATE--COA-LIGASE-RXN	-
ENZRXNSEN2-7659	Enzymatic-Reactions	NIL	-	-	4-COUMARATE--COA-LIGASE-RXN	-
ENZRXNSEN2-7656	Enzymatic-Reactions	NIL	-	-	4-COUMARATE--COA-LIGASE-RXN	-
ENZRXNSEN2-7653	Enzymatic-Reactions	NIL	-	-	4-COUMARATE--COA-LIGASE-RXN	-
ENZRXNSEN2-7652	Enzymatic-Reactions	NIL	-	-	4-COUMARATE--COA-LIGASE-RXN	-
ENZRXNSEN2-7647	Enzymatic-Reactions	NIL	-	-	4-COUMARATE--COA-LIGASE-RXN	-
ENZRXNSEN2-7635	Enzymatic-Reactions	NIL	-	-	4-COUMARATE--COA-LIGASE-RXN	-
ENZRXNSEN2-7633	Enzymatic-Reactions	NIL	-	-	4-COUMARATE--COA-LIGASE-RXN	-
ENZRXNSEN2-7632	Enzymatic-Reactions	NIL	-	-	4-COUMARATE--COA-LIGASE-RXN	-
ENZRXNSEN2-7631	Enzymatic-Reactions	NIL	-	-	4-COUMARATE--COA-LIGASE-RXN	-
ENZRXNSEN2-7627	Enzymatic-Reactions	NIL	-	-	4-COUMARATE--COA-LIGASE-RXN	-
ENZRXNSEN2-7626	Enzymatic-Reactions	NIL	-	-	4-COUMARATE--COA-LIGASE-RXN	-
ENZRXNSEN2-7545	Enzymatic-Reactions	NIL	-	-	4-COUMARATE--COA-LIGASE-RXN	-
ENZRXNSEN2-6688	Enzymatic-Reactions	NIL	-	-	4-COUMARATE--COA-LIGASE-RXN	-
ENZRXNSEN2-6532	Enzymatic-Reactions	NIL	-	-	4-COUMARATE--COA-LIGASE-RXN	-
ENZRXNSEN2-4783	Enzymatic-Reactions	NIL	-	-	4-COUMARATE--COA-LIGASE-RXN	-
ENZRXNSEN2-3519	Enzymatic-Reactions	NIL	-	-	4-COUMARATE--COA-LIGASE-RXN	-
ENZRXNSEN2-2355	Enzymatic-Reactions	NIL	-	-	4-COUMARATE--COA-LIGASE-RXN	-
ENZRXNSEN2-2312	Enzymatic-Reactions	NIL	-	-	4-COUMARATE--COA-LIGASE-RXN	-
ENZRXNSEN2-596	Enzymatic-Reactions	NIL	-	-	4-COUMARATE--COA-LIGASE-RXN	-
ENZRXNSEN2-275	Enzymatic-Reactions	NIL	-	-	4-COUMARATE--COA-LIGASE-RXN	-
ENZRXNSEN2-52	Enzymatic-Reactions	NIL	-	-	4-COUMARATE--COA-LIGASE-RXN	-
ENZRXNSEN2-9158	Enzymatic-Reactions	NIL	-	-	RXN-12300	-
ENZRXNSEN2-4738	Enzymatic-Reactions	NIL	-	-	RXN-12300	-
ENZRXNSEN2-4342	Enzymatic-Reactions	NIL	-	-	RXN-12300	-
ENZRXNSEN2-3769	Enzymatic-Reactions	NIL	-	-	RXN-12300	-
ENZRXNSEN2-3393	Enzymatic-Reactions	NIL	-	-	RXN-12300	-
ENZRXNSEN2-2062	Enzymatic-Reactions	NIL	-	-	RXN-12300	-
ENZRXNSEN2-102	Enzymatic-Reactions	NIL	-	-	RXN-12300	-
ENZRXNSEN2-6571	Enzymatic-Reactions	NIL	-	-	2.7.1.151-RXN	-
ENZRXNSEN2-4926	Enzymatic-Reactions	NIL	-	-	3.2.1.161-RXN	-
ENZRXNSEN2-5053	Enzymatic-Reactions	NIL	-	-	ENOYL-ACP-REDUCT-NADPH-RXN	-
ENZRXNSEN2-9504	Enzymatic-Reactions	NIL	-	-	NARINGENIN-CHALCONE-SYNTHASE-RXN	-
ENZRXNSEN2-9082	Enzymatic-Reactions	NIL	-	-	NARINGENIN-CHALCONE-SYNTHASE-RXN	-
ENZRXNSEN2-8613	Enzymatic-Reactions	NIL	-	-	NARINGENIN-CHALCONE-SYNTHASE-RXN	-
ENZRXNSEN2-8612	Enzymatic-Reactions	NIL	-	-	NARINGENIN-CHALCONE-SYNTHASE-RXN	-
ENZRXNSEN2-8611	Enzymatic-Reactions	NIL	-	-	NARINGENIN-CHALCONE-SYNTHASE-RXN	-
ENZRXNSEN2-8503	Enzymatic-Reactions	NIL	-	-	NARINGENIN-CHALCONE-SYNTHASE-RXN	-
ENZRXNSEN2-8502	Enzymatic-Reactions	NIL	-	-	NARINGENIN-CHALCONE-SYNTHASE-RXN	-
ENZRXNSEN2-8501	Enzymatic-Reactions	NIL	-	-	NARINGENIN-CHALCONE-SYNTHASE-RXN	-
ENZRXNSEN2-8500	Enzymatic-Reactions	NIL	-	-	NARINGENIN-CHALCONE-SYNTHASE-RXN	-
ENZRXNSEN2-8360	Enzymatic-Reactions	NIL	-	-	NARINGENIN-CHALCONE-SYNTHASE-RXN	-
ENZRXNSEN2-4890	Enzymatic-Reactions	NIL	-	-	NARINGENIN-CHALCONE-SYNTHASE-RXN	-
ENZRXNSEN2-4889	Enzymatic-Reactions	NIL	-	-	NARINGENIN-CHALCONE-SYNTHASE-RXN	-
ENZRXNSEN2-4888	Enzymatic-Reactions	NIL	-	-	NARINGENIN-CHALCONE-SYNTHASE-RXN	-
ENZRXNSEN2-4887	Enzymatic-Reactions	NIL	-	-	NARINGENIN-CHALCONE-SYNTHASE-RXN	-
ENZRXNSEN2-4886	Enzymatic-Reactions	NIL	-	-	NARINGENIN-CHALCONE-SYNTHASE-RXN	-
ENZRXNSEN2-4885	Enzymatic-Reactions	NIL	-	-	NARINGENIN-CHALCONE-SYNTHASE-RXN	-
ENZRXNSEN2-4884	Enzymatic-Reactions	NIL	-	-	NARINGENIN-CHALCONE-SYNTHASE-RXN	-
ENZRXNSEN2-4883	Enzymatic-Reactions	NIL	-	-	NARINGENIN-CHALCONE-SYNTHASE-RXN	-
ENZRXNSEN2-4882	Enzymatic-Reactions	NIL	-	-	NARINGENIN-CHALCONE-SYNTHASE-RXN	-
ENZRXNSEN2-4881	Enzymatic-Reactions	NIL	-	-	NARINGENIN-CHALCONE-SYNTHASE-RXN	-
ENZRXNSEN2-4880	Enzymatic-Reactions	NIL	-	-	NARINGENIN-CHALCONE-SYNTHASE-RXN	-
ENZRXNSEN2-4879	Enzymatic-Reactions	NIL	-	-	NARINGENIN-CHALCONE-SYNTHASE-RXN	-
ENZRXNSEN2-4878	Enzymatic-Reactions	NIL	-	-	NARINGENIN-CHALCONE-SYNTHASE-RXN	-
ENZRXNSEN2-4877	Enzymatic-Reactions	NIL	-	-	NARINGENIN-CHALCONE-SYNTHASE-RXN	-
ENZRXNSEN2-4875	Enzymatic-Reactions	NIL	-	-	NARINGENIN-CHALCONE-SYNTHASE-RXN	-
ENZRXNSEN2-4874	Enzymatic-Reactions	NIL	-	-	NARINGENIN-CHALCONE-SYNTHASE-RXN	-
ENZRXNSEN2-4446	Enzymatic-Reactions	NIL	-	-	NARINGENIN-CHALCONE-SYNTHASE-RXN	-
ENZRXNSEN2-4324	Enzymatic-Reactions	NIL	-	-	NARINGENIN-CHALCONE-SYNTHASE-RXN	-
ENZRXNSEN2-3036	Enzymatic-Reactions	NIL	-	-	NARINGENIN-CHALCONE-SYNTHASE-RXN	-
ENZRXNSEN2-3035	Enzymatic-Reactions	NIL	-	-	NARINGENIN-CHALCONE-SYNTHASE-RXN	-
ENZRXNSEN2-5766	Enzymatic-Reactions	NIL	-	-	RXN-14250	-
ENZRXNSEN2-4000	Enzymatic-Reactions	NIL	-	-	RXN-14250	-
ENZRXNSEN2-1796	Enzymatic-Reactions	NIL	-	-	RXN-14250	-
ENZRXNSEN2-8331	Enzymatic-Reactions	NIL	-	-	12-OXOPHYTODIENOATE-REDUCTASE-RXN	-
ENZRXNSEN2-7308	Enzymatic-Reactions	NIL	-	-	12-OXOPHYTODIENOATE-REDUCTASE-RXN	-
ENZRXNSEN2-7307	Enzymatic-Reactions	NIL	-	-	12-OXOPHYTODIENOATE-REDUCTASE-RXN	-
ENZRXNSEN2-4794	Enzymatic-Reactions	NIL	-	-	12-OXOPHYTODIENOATE-REDUCTASE-RXN	-
ENZRXNSEN2-9130	Enzymatic-Reactions	NIL	-	-	DCTP-PYROPHOSPHATASE-RXN	-
ENZRXNSEN2-5033	Enzymatic-Reactions	NIL	-	-	DCTP-PYROPHOSPHATASE-RXN	-
ENZRXNSEN2-4937	Enzymatic-Reactions	NIL	-	-	RXN-17849	-
ENZRXNSEN2-7487	Enzymatic-Reactions	NIL	-	-	1.1.1.8-RXN	-
ENZRXNSEN2-4282	Enzymatic-Reactions	NIL	-	-	1.1.1.8-RXN	-
ENZRXNSEN2-3095	Enzymatic-Reactions	NIL	-	-	1.1.1.8-RXN	-
ENZRXNSEN2-817	Enzymatic-Reactions	NIL	-	-	1.1.1.8-RXN	-
ENZRXNSEN2-350	Enzymatic-Reactions	NIL	-	-	1.1.1.8-RXN	-
ENZRXNSEN2-6091	Enzymatic-Reactions	NIL	-	-	RXN-3601	-
ENZRXNSEN2-6089	Enzymatic-Reactions	NIL	-	-	RXN-3601	-
ENZRXNSEN2-6087	Enzymatic-Reactions	NIL	-	-	RXN-3601	-
ENZRXNSEN2-6085	Enzymatic-Reactions	NIL	-	-	RXN-3601	-
ENZRXNSEN2-6083	Enzymatic-Reactions	NIL	-	-	RXN-3601	-
ENZRXNSEN2-7917	Enzymatic-Reactions	NIL	-	-	RXN-4505	-
ENZRXNSEN2-7897	Enzymatic-Reactions	NIL	-	-	RXN-4505	-
ENZRXNSEN2-6583	Enzymatic-Reactions	NIL	-	-	RXN-4505	-
ENZRXNSEN2-6524	Enzymatic-Reactions	NIL	-	-	RXN-4505	-
ENZRXNSEN2-4430	Enzymatic-Reactions	NIL	-	-	RXN-4505	-
ENZRXNSEN2-4429	Enzymatic-Reactions	NIL	-	-	RXN-4505	-
ENZRXNSEN2-4428	Enzymatic-Reactions	NIL	-	-	RXN-4505	-
ENZRXNSEN2-4414	Enzymatic-Reactions	NIL	-	-	RXN-4505	-
ENZRXNSEN2-4413	Enzymatic-Reactions	NIL	-	-	RXN-4505	-
ENZRXNSEN2-3512	Enzymatic-Reactions	NIL	-	-	RXN-4505	-
ENZRXNSEN2-337	Enzymatic-Reactions	NIL	-	-	RXN-4505	-
ENZRXNSEN2-335	Enzymatic-Reactions	NIL	-	-	RXN-4505	-
ENZRXNSEN2-7221	Enzymatic-Reactions	NIL	-	-	BIOTIN-CARBOXYL-RXN	-
ENZRXNSEN2-6998	Enzymatic-Reactions	NIL	-	-	BIOTIN-CARBOXYL-RXN	-
ENZRXNSEN2-3956	Enzymatic-Reactions	NIL	-	-	BIOTIN-CARBOXYL-RXN	-
ENZRXNSEN2-2979	Enzymatic-Reactions	NIL	-	-	BIOTIN-CARBOXYL-RXN	-
ENZRXNSEN2-2385	Enzymatic-Reactions	NIL	-	-	BIOTIN-CARBOXYL-RXN	-
ENZRXNSEN2-9547	Enzymatic-Reactions	NIL	-	-	DIACYLGLYCEROL-O-ACYLTRANSFERASE-RXN	-
ENZRXNSEN2-8332	Enzymatic-Reactions	NIL	-	-	DIACYLGLYCEROL-O-ACYLTRANSFERASE-RXN	-
ENZRXNSEN2-6826	Enzymatic-Reactions	NIL	-	-	DIACYLGLYCEROL-O-ACYLTRANSFERASE-RXN	-
ENZRXNSEN2-5940	Enzymatic-Reactions	NIL	-	-	DIACYLGLYCEROL-O-ACYLTRANSFERASE-RXN	-
ENZRXNSEN2-5461	Enzymatic-Reactions	NIL	-	-	DIACYLGLYCEROL-O-ACYLTRANSFERASE-RXN	-
ENZRXNSEN2-5190	Enzymatic-Reactions	NIL	-	-	DIACYLGLYCEROL-O-ACYLTRANSFERASE-RXN	-
ENZRXNSEN2-5188	Enzymatic-Reactions	NIL	-	-	DIACYLGLYCEROL-O-ACYLTRANSFERASE-RXN	-
ENZRXNSEN2-5186	Enzymatic-Reactions	NIL	-	-	DIACYLGLYCEROL-O-ACYLTRANSFERASE-RXN	-
ENZRXNSEN2-4244	Enzymatic-Reactions	NIL	-	-	DIACYLGLYCEROL-O-ACYLTRANSFERASE-RXN	-
ENZRXNSEN2-4242	Enzymatic-Reactions	NIL	-	-	DIACYLGLYCEROL-O-ACYLTRANSFERASE-RXN	-
ENZRXNSEN2-4240	Enzymatic-Reactions	NIL	-	-	DIACYLGLYCEROL-O-ACYLTRANSFERASE-RXN	-
ENZRXNSEN2-4238	Enzymatic-Reactions	NIL	-	-	DIACYLGLYCEROL-O-ACYLTRANSFERASE-RXN	-
ENZRXNSEN2-4156	Enzymatic-Reactions	NIL	-	-	DIACYLGLYCEROL-O-ACYLTRANSFERASE-RXN	-
ENZRXNSEN2-2687	Enzymatic-Reactions	NIL	-	-	DIACYLGLYCEROL-O-ACYLTRANSFERASE-RXN	-
ENZRXNSEN2-2685	Enzymatic-Reactions	NIL	-	-	DIACYLGLYCEROL-O-ACYLTRANSFERASE-RXN	-
ENZRXNSEN2-1240	Enzymatic-Reactions	NIL	-	-	DIACYLGLYCEROL-O-ACYLTRANSFERASE-RXN	-
ENZRXNSEN2-1021	Enzymatic-Reactions	NIL	-	-	DIACYLGLYCEROL-O-ACYLTRANSFERASE-RXN	-
ENZRXNSEN2-8805	Enzymatic-Reactions	NIL	-	-	3.1.3.57-RXN	-
ENZRXNSEN2-8682	Enzymatic-Reactions	NIL	-	-	3.1.3.57-RXN	-
ENZRXNSEN2-8738	Enzymatic-Reactions	NIL	-	-	3-HYDROXYDECANOYL-ACP-DEHYDR-RXN	-
ENZRXNSEN2-488	Enzymatic-Reactions	NIL	-	-	3-HYDROXYDECANOYL-ACP-DEHYDR-RXN	-
ENZRXNSEN2-8342	Enzymatic-Reactions	NIL	-	-	RXN-4661	-
ENZRXNSEN2-8339	Enzymatic-Reactions	NIL	-	-	RXN-4661	-
ENZRXNSEN2-6612	Enzymatic-Reactions	NIL	-	-	RXN-7711	-
ENZRXNSEN2-7480	Enzymatic-Reactions	NIL	-	-	LICODIONE-2-O-METHYLTRANSFERASE-RXN	-
ENZRXNSEN2-7478	Enzymatic-Reactions	NIL	-	-	LICODIONE-2-O-METHYLTRANSFERASE-RXN	-
ENZRXNSEN2-7476	Enzymatic-Reactions	NIL	-	-	LICODIONE-2-O-METHYLTRANSFERASE-RXN	-
ENZRXNSEN2-7474	Enzymatic-Reactions	NIL	-	-	LICODIONE-2-O-METHYLTRANSFERASE-RXN	-
ENZRXNSEN2-7472	Enzymatic-Reactions	NIL	-	-	LICODIONE-2-O-METHYLTRANSFERASE-RXN	-
ENZRXNSEN2-7470	Enzymatic-Reactions	NIL	-	-	LICODIONE-2-O-METHYLTRANSFERASE-RXN	-
ENZRXNSEN2-7468	Enzymatic-Reactions	NIL	-	-	LICODIONE-2-O-METHYLTRANSFERASE-RXN	-
ENZRXNSEN2-7466	Enzymatic-Reactions	NIL	-	-	LICODIONE-2-O-METHYLTRANSFERASE-RXN	-
ENZRXNSEN2-7464	Enzymatic-Reactions	NIL	-	-	LICODIONE-2-O-METHYLTRANSFERASE-RXN	-
ENZRXNSEN2-7462	Enzymatic-Reactions	NIL	-	-	LICODIONE-2-O-METHYLTRANSFERASE-RXN	-
ENZRXNSEN2-7460	Enzymatic-Reactions	NIL	-	-	LICODIONE-2-O-METHYLTRANSFERASE-RXN	-
ENZRXNSEN2-7458	Enzymatic-Reactions	NIL	-	-	LICODIONE-2-O-METHYLTRANSFERASE-RXN	-
ENZRXNSEN2-7456	Enzymatic-Reactions	NIL	-	-	LICODIONE-2-O-METHYLTRANSFERASE-RXN	-
ENZRXNSEN2-7454	Enzymatic-Reactions	NIL	-	-	LICODIONE-2-O-METHYLTRANSFERASE-RXN	-
ENZRXNSEN2-7452	Enzymatic-Reactions	NIL	-	-	LICODIONE-2-O-METHYLTRANSFERASE-RXN	-
ENZRXNSEN2-7450	Enzymatic-Reactions	NIL	-	-	LICODIONE-2-O-METHYLTRANSFERASE-RXN	-
ENZRXNSEN2-7423	Enzymatic-Reactions	NIL	-	-	LICODIONE-2-O-METHYLTRANSFERASE-RXN	-
ENZRXNSEN2-6681	Enzymatic-Reactions	NIL	-	-	LICODIONE-2-O-METHYLTRANSFERASE-RXN	-
ENZRXNSEN2-4121	Enzymatic-Reactions	NIL	-	-	LICODIONE-2-O-METHYLTRANSFERASE-RXN	-
ENZRXNSEN2-4119	Enzymatic-Reactions	NIL	-	-	LICODIONE-2-O-METHYLTRANSFERASE-RXN	-
ENZRXNSEN2-4117	Enzymatic-Reactions	NIL	-	-	LICODIONE-2-O-METHYLTRANSFERASE-RXN	-
ENZRXNSEN2-4115	Enzymatic-Reactions	NIL	-	-	LICODIONE-2-O-METHYLTRANSFERASE-RXN	-
ENZRXNSEN2-4113	Enzymatic-Reactions	NIL	-	-	LICODIONE-2-O-METHYLTRANSFERASE-RXN	-
ENZRXNSEN2-4111	Enzymatic-Reactions	NIL	-	-	LICODIONE-2-O-METHYLTRANSFERASE-RXN	-
ENZRXNSEN2-4109	Enzymatic-Reactions	NIL	-	-	LICODIONE-2-O-METHYLTRANSFERASE-RXN	-
ENZRXNSEN2-2372	Enzymatic-Reactions	NIL	-	-	LICODIONE-2-O-METHYLTRANSFERASE-RXN	-
ENZRXNSEN2-2370	Enzymatic-Reactions	NIL	-	-	LICODIONE-2-O-METHYLTRANSFERASE-RXN	-
ENZRXNSEN2-569	Enzymatic-Reactions	NIL	-	-	LICODIONE-2-O-METHYLTRANSFERASE-RXN	-
ENZRXNSEN2-6742	Enzymatic-Reactions	NIL	-	-	RXN-17890	-
ENZRXNSEN2-2014	Enzymatic-Reactions	NIL	-	-	UDPNACETYLGLUCOSAMACYLTRANS-RXN	-
ENZRXNSEN2-9641	Enzymatic-Reactions	NIL	-	-	2.7.1.150-RXN	-
ENZRXNSEN2-7147	Enzymatic-Reactions	NIL	-	-	2.7.1.150-RXN	-
ENZRXNSEN2-3751	Enzymatic-Reactions	NIL	-	-	2.7.1.150-RXN	-
ENZRXNSEN2-3739	Enzymatic-Reactions	NIL	-	-	2.7.1.150-RXN	-
ENZRXNSEN2-2358	Enzymatic-Reactions	NIL	-	-	2.7.1.150-RXN	-
ENZRXNSEN2-1927	Enzymatic-Reactions	NIL	-	-	2.7.1.150-RXN	-
ENZRXNSEN2-5271	Enzymatic-Reactions	NIL	-	-	RXN-12281	-
ENZRXNSEN2-3603	Enzymatic-Reactions	NIL	-	-	RXN-16048	-
ENZRXNSEN2-9700	Enzymatic-Reactions	NIL	-	-	RXN-16416	-
ENZRXNSEN2-5691	Enzymatic-Reactions	NIL	-	-	RXN-16416	-
ENZRXNSEN2-3700	Enzymatic-Reactions	NIL	-	-	RXN-16416	-
ENZRXNSEN2-2366	Enzymatic-Reactions	NIL	-	-	RXN-16416	-
ENZRXNSEN2-2219	Enzymatic-Reactions	NIL	-	-	RXN-16416	-
ENZRXNSEN2-1471	Enzymatic-Reactions	NIL	-	-	RXN-16416	-
ENZRXNSEN2-8560	Enzymatic-Reactions	NIL	-	-	SHIKIMATE-5-DEHYDROGENASE-RXN	-
ENZRXNSEN2-8559	Enzymatic-Reactions	NIL	-	-	SHIKIMATE-5-DEHYDROGENASE-RXN	-
ENZRXNSEN2-1283	Enzymatic-Reactions	NIL	-	-	RXN-1345	-
ENZRXNSEN2-6741	Enzymatic-Reactions	NIL	-	-	RXN-17889	-
ENZRXNSEN2-1357	Enzymatic-Reactions	NIL	-	-	RXN-7650	-
ENZRXNSEN2-9684	Enzymatic-Reactions	NIL	-	-	RXN-8495	-
ENZRXNSEN2-9683	Enzymatic-Reactions	NIL	-	-	RXN-8495	-
ENZRXNSEN2-9682	Enzymatic-Reactions	NIL	-	-	RXN-8495	-
ENZRXNSEN2-9680	Enzymatic-Reactions	NIL	-	-	RXN-8495	-
ENZRXNSEN2-9309	Enzymatic-Reactions	NIL	-	-	RXN-8495	-
ENZRXNSEN2-9308	Enzymatic-Reactions	NIL	-	-	RXN-8495	-
ENZRXNSEN2-8521	Enzymatic-Reactions	NIL	-	-	RXN-8495	-
ENZRXNSEN2-6140	Enzymatic-Reactions	NIL	-	-	RXN-8495	-
ENZRXNSEN2-4731	Enzymatic-Reactions	NIL	-	-	RXN-8495	-
ENZRXNSEN2-107	Enzymatic-Reactions	NIL	-	-	RXN-8495	-
ENZRXNSEN2-5650	Enzymatic-Reactions	NIL	-	-	RXN-10696	-
ENZRXNSEN2-1501	Enzymatic-Reactions	NIL	-	-	RXN-10696	-
ENZRXNSEN2-6231	Enzymatic-Reactions	NIL	-	-	3.1.3.66-RXN	-
ENZRXNSEN2-5467	Enzymatic-Reactions	NIL	-	-	3.1.3.66-RXN	-
ENZRXNSEN2-1682	Enzymatic-Reactions	NIL	-	-	3.1.3.66-RXN	-
ENZRXNSEN2-9702	Enzymatic-Reactions	NIL	-	-	RXN-9802	-
ENZRXNSEN2-5693	Enzymatic-Reactions	NIL	-	-	RXN-9802	-
ENZRXNSEN2-3702	Enzymatic-Reactions	NIL	-	-	RXN-9802	-
ENZRXNSEN2-2368	Enzymatic-Reactions	NIL	-	-	RXN-9802	-
ENZRXNSEN2-2221	Enzymatic-Reactions	NIL	-	-	RXN-9802	-
ENZRXNSEN2-1473	Enzymatic-Reactions	NIL	-	-	RXN-9802	-
ENZRXNSEN2-8525	Enzymatic-Reactions	NIL	-	-	RXN-9644	-
ENZRXNSEN2-7018	Enzymatic-Reactions	NIL	-	-	RXN-9644	-
ENZRXNSEN2-5740	Enzymatic-Reactions	NIL	-	-	RXN-9644	-
ENZRXNSEN2-4691	Enzymatic-Reactions	NIL	-	-	RXN-9644	-
ENZRXNSEN2-3552	Enzymatic-Reactions	NIL	-	-	RXN-9644	-
ENZRXNSEN2-2701	Enzymatic-Reactions	NIL	-	-	RXN-9644	-
ENZRXNSEN2-1445	Enzymatic-Reactions	NIL	-	-	RXN-9644	-
ENZRXNSEN2-1024	Enzymatic-Reactions	NIL	-	-	RXN-9644	-
ENZRXNSEN2-143	Enzymatic-Reactions	NIL	-	-	RXN-9644	-
ENZRXNSEN2-7988	Enzymatic-Reactions	NIL	-	-	GLU6PDEHYDROG-RXN	-
ENZRXNSEN2-4286	Enzymatic-Reactions	NIL	-	-	GLU6PDEHYDROG-RXN	-
ENZRXNSEN2-3540	Enzymatic-Reactions	NIL	-	-	GLU6PDEHYDROG-RXN	-
ENZRXNSEN2-1441	Enzymatic-Reactions	NIL	-	-	GLU6PDEHYDROG-RXN	-
ENZRXNSEN2-821	Enzymatic-Reactions	NIL	-	-	GLU6PDEHYDROG-RXN	-
ENZRXNSEN2-5274	Enzymatic-Reactions	NIL	-	-	RXN-12295	-
ENZRXNSEN2-9292	Enzymatic-Reactions	NIL	-	-	PALMITOYL-COA-HYDROLASE-RXN	-
ENZRXNSEN2-6129	Enzymatic-Reactions	NIL	-	-	PALMITOYL-COA-HYDROLASE-RXN	-
ENZRXNSEN2-6066	Enzymatic-Reactions	NIL	-	-	PALMITOYL-COA-HYDROLASE-RXN	-
ENZRXNSEN2-1414	Enzymatic-Reactions	NIL	-	-	PALMITOYL-COA-HYDROLASE-RXN	-
ENZRXNSEN2-9204	Enzymatic-Reactions	NIL	-	-	2.3.1.133-RXN	-
ENZRXNSEN2-9149	Enzymatic-Reactions	NIL	-	-	2.3.1.133-RXN	-
ENZRXNSEN2-9148	Enzymatic-Reactions	NIL	-	-	2.3.1.133-RXN	-
ENZRXNSEN2-9147	Enzymatic-Reactions	NIL	-	-	2.3.1.133-RXN	-
ENZRXNSEN2-9145	Enzymatic-Reactions	NIL	-	-	2.3.1.133-RXN	-
ENZRXNSEN2-8825	Enzymatic-Reactions	NIL	-	-	2.3.1.133-RXN	-
ENZRXNSEN2-8824	Enzymatic-Reactions	NIL	-	-	2.3.1.133-RXN	-
ENZRXNSEN2-6216	Enzymatic-Reactions	NIL	-	-	2.3.1.133-RXN	-
ENZRXNSEN2-5640	Enzymatic-Reactions	NIL	-	-	2.3.1.133-RXN	-
ENZRXNSEN2-4347	Enzymatic-Reactions	NIL	-	-	2.3.1.133-RXN	-
ENZRXNSEN2-4346	Enzymatic-Reactions	NIL	-	-	2.3.1.133-RXN	-
ENZRXNSEN2-4345	Enzymatic-Reactions	NIL	-	-	2.3.1.133-RXN	-
ENZRXNSEN2-3586	Enzymatic-Reactions	NIL	-	-	2.3.1.133-RXN	-
ENZRXNSEN2-7306	Enzymatic-Reactions	NIL	-	-	DEOXYGUANOSINE-KINASE-RXN	-
ENZRXNSEN2-4790	Enzymatic-Reactions	NIL	-	-	DEOXYGUANOSINE-KINASE-RXN	-
ENZRXNSEN2-3716	Enzymatic-Reactions	NIL	-	-	RXN-3283	-
ENZRXNSEN2-9487	Enzymatic-Reactions	NIL	-	-	RXN-1025	-
ENZRXNSEN2-9486	Enzymatic-Reactions	NIL	-	-	RXN-1025	-
ENZRXNSEN2-9330	Enzymatic-Reactions	NIL	-	-	RXN-1025	-
ENZRXNSEN2-9329	Enzymatic-Reactions	NIL	-	-	RXN-1025	-
ENZRXNSEN2-9328	Enzymatic-Reactions	NIL	-	-	RXN-1025	-
ENZRXNSEN2-8260	Enzymatic-Reactions	NIL	-	-	RXN-1025	-
ENZRXNSEN2-8259	Enzymatic-Reactions	NIL	-	-	RXN-1025	-
ENZRXNSEN2-3943	Enzymatic-Reactions	NIL	-	-	RXN-1025	-
ENZRXNSEN2-1070	Enzymatic-Reactions	NIL	-	-	RXN-1025	-
ENZRXNSEN2-7969	Enzymatic-Reactions	NIL	-	-	3.1.3.56-RXN	-
ENZRXNSEN2-7967	Enzymatic-Reactions	NIL	-	-	3.1.3.56-RXN	-
ENZRXNSEN2-5624	Enzymatic-Reactions	NIL	-	-	3.1.3.56-RXN	-
ENZRXNSEN2-4965	Enzymatic-Reactions	NIL	-	-	3.1.3.56-RXN	-
ENZRXNSEN2-4963	Enzymatic-Reactions	NIL	-	-	3.1.3.56-RXN	-
ENZRXNSEN2-1517	Enzymatic-Reactions	NIL	-	-	3.1.3.56-RXN	-
ENZRXNSEN2-8392	Enzymatic-Reactions	NIL	-	-	ATP-CITRATE-PRO-S--LYASE-RXN	-
ENZRXNSEN2-7976	Enzymatic-Reactions	NIL	-	-	ATP-CITRATE-PRO-S--LYASE-RXN	-
ENZRXNSEN2-7521	Enzymatic-Reactions	NIL	-	-	ATP-CITRATE-PRO-S--LYASE-RXN	-
ENZRXNSEN2-5392	Enzymatic-Reactions	NIL	-	-	ATP-CITRATE-PRO-S--LYASE-RXN	-
ENZRXNSEN2-1750	Enzymatic-Reactions	NIL	-	-	ATP-CITRATE-PRO-S--LYASE-RXN	-
ENZRXNSEN2-1006	Enzymatic-Reactions	NIL	-	-	ATP-CITRATE-PRO-S--LYASE-RXN	-
ENZRXNSEN2-120	Enzymatic-Reactions	NIL	-	-	ATP-CITRATE-PRO-S--LYASE-RXN	-
ENZRXNSEN2-3765	Enzymatic-Reactions	NIL	-	-	RXN-4703	-
ENZRXNSEN2-3764	Enzymatic-Reactions	NIL	-	-	RXN-4703	-
ENZRXNSEN2-2391	Enzymatic-Reactions	NIL	-	-	RXN-4703	-
ENZRXNSEN2-2244	Enzymatic-Reactions	NIL	-	-	RXN-4703	-
ENZRXNSEN2-2243	Enzymatic-Reactions	NIL	-	-	RXN-4703	-
ENZRXNSEN2-2242	Enzymatic-Reactions	NIL	-	-	RXN-4703	-
ENZRXNSEN2-2241	Enzymatic-Reactions	NIL	-	-	RXN-4703	-
ENZRXNSEN2-2240	Enzymatic-Reactions	NIL	-	-	RXN-4703	-
ENZRXNSEN2-2239	Enzymatic-Reactions	NIL	-	-	RXN-4703	-
ENZRXNSEN2-2238	Enzymatic-Reactions	NIL	-	-	RXN-4703	-
ENZRXNSEN2-6977	Enzymatic-Reactions	NIL	-	-	PGLUCISOM-RXN	-
ENZRXNSEN2-4252	Enzymatic-Reactions	NIL	-	-	PGLUCISOM-RXN	-
ENZRXNSEN2-8617	Enzymatic-Reactions	NIL	-	-	1-PHOSPHATIDYLINOSITOL-3-KINASE-RXN	-
ENZRXNSEN2-1754	Enzymatic-Reactions	NIL	-	-	1-PHOSPHATIDYLINOSITOL-3-KINASE-RXN	-
ENZRXNSEN2-5546	Enzymatic-Reactions	NIL	-	-	RXNQT-4366	-
ENZRXNSEN2-3772	Enzymatic-Reactions	NIL	-	-	RXNQT-4366	-
ENZRXNSEN2-4905	Enzymatic-Reactions	NIL	-	-	RXN-6722	-
ENZRXNSEN2-1624	Enzymatic-Reactions	NIL	-	-	RXN-6722	-
ENZRXNSEN2-339	Enzymatic-Reactions	NIL	-	-	RXN-6722	-
ENZRXNSEN2-9738	Enzymatic-Reactions	NIL	-	-	RXN-7904	-
ENZRXNSEN2-8523	Enzymatic-Reactions	NIL	-	-	RXN-7904	-
ENZRXNSEN2-7016	Enzymatic-Reactions	NIL	-	-	RXN-7904	-
ENZRXNSEN2-6656	Enzymatic-Reactions	NIL	-	-	RXN-7904	-
ENZRXNSEN2-5738	Enzymatic-Reactions	NIL	-	-	RXN-7904	-
ENZRXNSEN2-4689	Enzymatic-Reactions	NIL	-	-	RXN-7904	-
ENZRXNSEN2-3550	Enzymatic-Reactions	NIL	-	-	RXN-7904	-
ENZRXNSEN2-2699	Enzymatic-Reactions	NIL	-	-	RXN-7904	-
ENZRXNSEN2-1443	Enzymatic-Reactions	NIL	-	-	RXN-7904	-
ENZRXNSEN2-1022	Enzymatic-Reactions	NIL	-	-	RXN-7904	-
ENZRXNSEN2-141	Enzymatic-Reactions	NIL	-	-	RXN-7904	-
ENZRXNSEN2-4278	Enzymatic-Reactions	NIL	-	-	GLUCURONOKINASE-RXN	-
ENZRXNSEN2-7964	Enzymatic-Reactions	NIL	-	-	TRIOSEPISOMERIZATION-RXN	-
ENZRXNSEN2-5043	Enzymatic-Reactions	NIL	-	-	TRIOSEPISOMERIZATION-RXN	-
ENZRXNSEN2-2742	Enzymatic-Reactions	NIL	-	-	TRIOSEPISOMERIZATION-RXN	-
ENZRXNSEN2-2321	Enzymatic-Reactions	NIL	-	-	TRIOSEPISOMERIZATION-RXN	-
ENZRXNSEN2-1370	Enzymatic-Reactions	NIL	-	-	TRIOSEPISOMERIZATION-RXN	-
ENZRXNSEN2-6844	Enzymatic-Reactions	NIL	-	-	PHOSPHATIDATE-PHOSPHATASE-RXN	-
ENZRXNSEN2-5837	Enzymatic-Reactions	NIL	-	-	PHOSPHATIDATE-PHOSPHATASE-RXN	-
ENZRXNSEN2-5669	Enzymatic-Reactions	NIL	-	-	PHOSPHATIDATE-PHOSPHATASE-RXN	-
ENZRXNSEN2-5505	Enzymatic-Reactions	NIL	-	-	PHOSPHATIDATE-PHOSPHATASE-RXN	-
ENZRXNSEN2-4578	Enzymatic-Reactions	NIL	-	-	PHOSPHATIDATE-PHOSPHATASE-RXN	-
ENZRXNSEN2-4553	Enzymatic-Reactions	NIL	-	-	PHOSPHATIDATE-PHOSPHATASE-RXN	-
ENZRXNSEN2-4438	Enzymatic-Reactions	NIL	-	-	PHOSPHATIDATE-PHOSPHATASE-RXN	-
ENZRXNSEN2-4182	Enzymatic-Reactions	NIL	-	-	PHOSPHATIDATE-PHOSPHATASE-RXN	-
ENZRXNSEN2-3249	Enzymatic-Reactions	NIL	-	-	PHOSPHATIDATE-PHOSPHATASE-RXN	-
ENZRXNSEN2-2833	Enzymatic-Reactions	NIL	-	-	PHOSPHATIDATE-PHOSPHATASE-RXN	-
ENZRXNSEN2-2489	Enzymatic-Reactions	NIL	-	-	PHOSPHATIDATE-PHOSPHATASE-RXN	-
ENZRXNSEN2-1895	Enzymatic-Reactions	NIL	-	-	PHOSPHATIDATE-PHOSPHATASE-RXN	-
ENZRXNSEN2-1893	Enzymatic-Reactions	NIL	-	-	PHOSPHATIDATE-PHOSPHATASE-RXN	-
ENZRXNSEN2-749	Enzymatic-Reactions	NIL	-	-	PHOSPHATIDATE-PHOSPHATASE-RXN	-
ENZRXNSEN2-330	Enzymatic-Reactions	NIL	-	-	PHOSPHATIDATE-PHOSPHATASE-RXN	-
ENZRXNSEN2-255	Enzymatic-Reactions	NIL	-	-	PHOSPHATIDATE-PHOSPHATASE-RXN	-
ENZRXNSEN2-361	Enzymatic-Reactions	NIL	-	-	RXN-1223	-
ENZRXNSEN2-9501	Enzymatic-Reactions	NIL	-	-	CELLULOSE-SYNTHASE-UDP-FORMING-RXN	-
ENZRXNSEN2-9095	Enzymatic-Reactions	NIL	-	-	CELLULOSE-SYNTHASE-UDP-FORMING-RXN	-
ENZRXNSEN2-8445	Enzymatic-Reactions	NIL	-	-	CELLULOSE-SYNTHASE-UDP-FORMING-RXN	-
ENZRXNSEN2-8249	Enzymatic-Reactions	NIL	-	-	CELLULOSE-SYNTHASE-UDP-FORMING-RXN	-
ENZRXNSEN2-8248	Enzymatic-Reactions	NIL	-	-	CELLULOSE-SYNTHASE-UDP-FORMING-RXN	-
ENZRXNSEN2-7895	Enzymatic-Reactions	NIL	-	-	CELLULOSE-SYNTHASE-UDP-FORMING-RXN	-
ENZRXNSEN2-7719	Enzymatic-Reactions	NIL	-	-	CELLULOSE-SYNTHASE-UDP-FORMING-RXN	-
ENZRXNSEN2-7518	Enzymatic-Reactions	NIL	-	-	CELLULOSE-SYNTHASE-UDP-FORMING-RXN	-
ENZRXNSEN2-7357	Enzymatic-Reactions	NIL	-	-	CELLULOSE-SYNTHASE-UDP-FORMING-RXN	-
ENZRXNSEN2-6916	Enzymatic-Reactions	NIL	-	-	CELLULOSE-SYNTHASE-UDP-FORMING-RXN	-
ENZRXNSEN2-4907	Enzymatic-Reactions	NIL	-	-	CELLULOSE-SYNTHASE-UDP-FORMING-RXN	-
ENZRXNSEN2-3851	Enzymatic-Reactions	NIL	-	-	CELLULOSE-SYNTHASE-UDP-FORMING-RXN	-
ENZRXNSEN2-3850	Enzymatic-Reactions	NIL	-	-	CELLULOSE-SYNTHASE-UDP-FORMING-RXN	-
ENZRXNSEN2-3309	Enzymatic-Reactions	NIL	-	-	CELLULOSE-SYNTHASE-UDP-FORMING-RXN	-
ENZRXNSEN2-3308	Enzymatic-Reactions	NIL	-	-	CELLULOSE-SYNTHASE-UDP-FORMING-RXN	-
ENZRXNSEN2-3307	Enzymatic-Reactions	NIL	-	-	CELLULOSE-SYNTHASE-UDP-FORMING-RXN	-
ENZRXNSEN2-3306	Enzymatic-Reactions	NIL	-	-	CELLULOSE-SYNTHASE-UDP-FORMING-RXN	-
ENZRXNSEN2-2887	Enzymatic-Reactions	NIL	-	-	CELLULOSE-SYNTHASE-UDP-FORMING-RXN	-
ENZRXNSEN2-1281	Enzymatic-Reactions	NIL	-	-	CELLULOSE-SYNTHASE-UDP-FORMING-RXN	-
ENZRXNSEN2-957	Enzymatic-Reactions	NIL	-	-	CELLULOSE-SYNTHASE-UDP-FORMING-RXN	-
ENZRXNSEN2-748	Enzymatic-Reactions	NIL	-	-	CELLULOSE-SYNTHASE-UDP-FORMING-RXN	-
ENZRXNSEN2-598	Enzymatic-Reactions	NIL	-	-	CELLULOSE-SYNTHASE-UDP-FORMING-RXN	-
ENZRXNSEN2-8341	Enzymatic-Reactions	NIL	-	-	RXN-4621	-
ENZRXNSEN2-8338	Enzymatic-Reactions	NIL	-	-	RXN-4621	-
ENZRXNSEN2-7486	Enzymatic-Reactions	NIL	-	-	RXN-4621	-
ENZRXNSEN2-4893	Enzymatic-Reactions	NIL	-	-	RXN-4621	-
ENZRXNSEN2-4410	Enzymatic-Reactions	NIL	-	-	RXN-4621	-
ENZRXNSEN2-353	Enzymatic-Reactions	NIL	-	-	RXN-4621	-
ENZRXNSEN2-9756	Enzymatic-Reactions	NIL	-	-	RXN-17858	-
ENZRXNSEN2-8316	Enzymatic-Reactions	NIL	-	-	RXN-17858	-
ENZRXNSEN2-8000	Enzymatic-Reactions	NIL	-	-	RXN-17858	-
ENZRXNSEN2-6396	Enzymatic-Reactions	NIL	-	-	RXN-17858	-
ENZRXNSEN2-5964	Enzymatic-Reactions	NIL	-	-	RXN-17858	-
ENZRXNSEN2-4322	Enzymatic-Reactions	NIL	-	-	RXN-17858	-
ENZRXNSEN2-4078	Enzymatic-Reactions	NIL	-	-	RXN-17858	-
ENZRXNSEN2-3636	Enzymatic-Reactions	NIL	-	-	RXN-17858	-
ENZRXNSEN2-9666	Enzymatic-Reactions	NIL	-	-	LIPOXYGENASE-RXN	-
ENZRXNSEN2-9115	Enzymatic-Reactions	NIL	-	-	LIPOXYGENASE-RXN	-
ENZRXNSEN2-7940	Enzymatic-Reactions	NIL	-	-	LIPOXYGENASE-RXN	-
ENZRXNSEN2-3727	Enzymatic-Reactions	NIL	-	-	LIPOXYGENASE-RXN	-
ENZRXNSEN2-3476	Enzymatic-Reactions	NIL	-	-	LIPOXYGENASE-RXN	-
ENZRXNSEN2-1391	Enzymatic-Reactions	NIL	-	-	LIPOXYGENASE-RXN	-
ENZRXNSEN2-8532	Enzymatic-Reactions	NIL	-	-	RXN-3303	-
ENZRXNSEN2-8529	Enzymatic-Reactions	NIL	-	-	RXN-3303	-
ENZRXNSEN2-7051	Enzymatic-Reactions	NIL	-	-	RXN-3303	-
ENZRXNSEN2-2057	Enzymatic-Reactions	NIL	-	-	RXN-3303	-
ENZRXNSEN2-4041	Enzymatic-Reactions	NIL	-	-	RXN-12276	-
ENZRXNSEN2-830	Enzymatic-Reactions	NIL	-	-	RXN-12276	-
ENZRXNSEN2-7224	Enzymatic-Reactions	NIL	-	-	RXN-10740	-
ENZRXNSEN2-6408	Enzymatic-Reactions	NIL	-	-	RXN-10740	-
ENZRXNSEN2-5687	Enzymatic-Reactions	NIL	-	-	RXN-10740	-
ENZRXNSEN2-5303	Enzymatic-Reactions	NIL	-	-	RXN-10740	-
ENZRXNSEN2-2905	Enzymatic-Reactions	NIL	-	-	RXN-10740	-
ENZRXNSEN2-7305	Enzymatic-Reactions	NIL	-	-	DEOXYCYTIDINE-KINASE-RXN	-
ENZRXNSEN2-4789	Enzymatic-Reactions	NIL	-	-	DEOXYCYTIDINE-KINASE-RXN	-
ENZRXNSEN2-9752	Enzymatic-Reactions	NIL	-	-	RXN-17854	-
ENZRXNSEN2-8314	Enzymatic-Reactions	NIL	-	-	RXN-17854	-
ENZRXNSEN2-7996	Enzymatic-Reactions	NIL	-	-	RXN-17854	-
ENZRXNSEN2-6394	Enzymatic-Reactions	NIL	-	-	RXN-17854	-
ENZRXNSEN2-5962	Enzymatic-Reactions	NIL	-	-	RXN-17854	-
ENZRXNSEN2-4318	Enzymatic-Reactions	NIL	-	-	RXN-17854	-
ENZRXNSEN2-4074	Enzymatic-Reactions	NIL	-	-	RXN-17854	-
ENZRXNSEN2-3632	Enzymatic-Reactions	NIL	-	-	RXN-17854	-
ENZRXNSEN2-4869	Enzymatic-Reactions	NIL	-	-	RXN-1062	-
ENZRXNSEN2-2568	Enzymatic-Reactions	NIL	-	-	RXN-1062	-
ENZRXNSEN2-5838	Enzymatic-Reactions	NIL	-	-	RXN-11277	-
ENZRXNSEN2-4183	Enzymatic-Reactions	NIL	-	-	RXN-11277	-
ENZRXNSEN2-3250	Enzymatic-Reactions	NIL	-	-	RXN-11277	-
ENZRXNSEN2-1896	Enzymatic-Reactions	NIL	-	-	RXN-11277	-
ENZRXNSEN2-1894	Enzymatic-Reactions	NIL	-	-	RXN-11277	-
ENZRXNSEN2-6556	Enzymatic-Reactions	NIL	-	-	RXN-11685	-
ENZRXNSEN2-6546	Enzymatic-Reactions	NIL	-	-	RXN-11685	-
ENZRXNSEN2-5921	Enzymatic-Reactions	NIL	-	-	RXN-11685	-
ENZRXNSEN2-3038	Enzymatic-Reactions	NIL	-	-	RXN-11685	-
ENZRXNSEN2-2334	Enzymatic-Reactions	NIL	-	-	RXN-11685	-
ENZRXNSEN2-2177	Enzymatic-Reactions	NIL	-	-	RXN-11685	-
ENZRXNSEN2-2703	Enzymatic-Reactions	NIL	-	-	ALLENE-OXIDE-CYCLASE-RXN	-
ENZRXNSEN2-2500	Enzymatic-Reactions	NIL	-	-	ALLENE-OXIDE-CYCLASE-RXN	-
ENZRXNSEN2-1886	Enzymatic-Reactions	NIL	-	-	ALLENE-OXIDE-CYCLASE-RXN	-
ENZRXNSEN2-6160	Enzymatic-Reactions	NIL	-	-	LIPIDADISACCHARIDESYNTH-RXN	-
ENZRXNSEN2-3974	Enzymatic-Reactions	NIL	-	-	3.1.3.67-RXN	-
ENZRXNSEN2-2603	Enzymatic-Reactions	NIL	-	-	3.1.3.67-RXN	-
ENZRXNSEN2-1579	Enzymatic-Reactions	NIL	-	-	3.1.3.67-RXN	-
ENZRXNSEN2-9105	Enzymatic-Reactions	NIL	-	-	RXN-7952	-
ENZRXNSEN2-6896	Enzymatic-Reactions	NIL	-	-	RXN-7952	-
ENZRXNSEN2-4748	Enzymatic-Reactions	NIL	-	-	RXN-7952	-
ENZRXNSEN2-4571	Enzymatic-Reactions	NIL	-	-	RXN-7952	-
ENZRXNSEN2-4565	Enzymatic-Reactions	NIL	-	-	RXN-7952	-
ENZRXNSEN2-2928	Enzymatic-Reactions	NIL	-	-	RXN-7952	-
ENZRXNSEN2-986	Enzymatic-Reactions	NIL	-	-	RXN-7952	-
ENZRXNSEN2-5816	Enzymatic-Reactions	NIL	-	-	RXN0-1133	-
ENZRXNSEN2-4484	Enzymatic-Reactions	NIL	-	-	RXN0-1133	-
ENZRXNSEN2-3708	Enzymatic-Reactions	NIL	-	-	RXN0-1133	-
ENZRXNSEN2-2410	Enzymatic-Reactions	NIL	-	-	RXN0-1133	-
ENZRXNSEN2-2409	Enzymatic-Reactions	NIL	-	-	RXN0-1133	-
ENZRXNSEN2-2369	Enzymatic-Reactions	NIL	-	-	RXN0-1133	-
ENZRXNSEN2-1887	Enzymatic-Reactions	NIL	-	-	RXN0-1133	-
ENZRXNSEN2-5206	Enzymatic-Reactions	NIL	-	-	ACETOLACTREDUCTOISOM-RXN	-
ENZRXNSEN2-4086	Enzymatic-Reactions	NIL	-	-	CHORISMATE-SYNTHASE-RXN	-
ENZRXNSEN2-4085	Enzymatic-Reactions	NIL	-	-	CHORISMATE-SYNTHASE-RXN	-
ENZRXNSEN2-8863	Enzymatic-Reactions	NIL	-	-	F16ALDOLASE-RXN	-
ENZRXNSEN2-4494	Enzymatic-Reactions	NIL	-	-	F16ALDOLASE-RXN	-
ENZRXNSEN2-3292	Enzymatic-Reactions	NIL	-	-	F16ALDOLASE-RXN	-
ENZRXNSEN2-1899	Enzymatic-Reactions	NIL	-	-	F16ALDOLASE-RXN	-
ENZRXNSEN2-308	Enzymatic-Reactions	NIL	-	-	F16ALDOLASE-RXN	-
ENZRXNSEN2-3940	Enzymatic-Reactions	NIL	-	-	PYRUVATE-CARBOXYLASE-RXN	-
ENZRXNSEN2-3098	Enzymatic-Reactions	NIL	-	-	PYRUVATE-CARBOXYLASE-RXN	-
ENZRXNSEN2-1428	Enzymatic-Reactions	NIL	-	-	RXN-9162	-
ENZRXNSEN2-8231	Enzymatic-Reactions	NIL	-	-	GAPOXNPHOSPHN-RXN	-
ENZRXNSEN2-8230	Enzymatic-Reactions	NIL	-	-	GAPOXNPHOSPHN-RXN	-
ENZRXNSEN2-7937	Enzymatic-Reactions	NIL	-	-	GAPOXNPHOSPHN-RXN	-
ENZRXNSEN2-7623	Enzymatic-Reactions	NIL	-	-	GAPOXNPHOSPHN-RXN	-
ENZRXNSEN2-4952	Enzymatic-Reactions	NIL	-	-	GAPOXNPHOSPHN-RXN	-
ENZRXNSEN2-4329	Enzymatic-Reactions	NIL	-	-	GAPOXNPHOSPHN-RXN	-
ENZRXNSEN2-4287	Enzymatic-Reactions	NIL	-	-	GAPOXNPHOSPHN-RXN	-
ENZRXNSEN2-6067	Enzymatic-Reactions	NIL	-	-	RXN-11832	-
ENZRXNSEN2-4818	Enzymatic-Reactions	NIL	-	-	RXN-11832	-
ENZRXNSEN2-852	Enzymatic-Reactions	NIL	-	-	RXN-11832	-
ENZRXNSEN2-9195	Enzymatic-Reactions	NIL	-	-	RXN-7795	-
ENZRXNSEN2-6210	Enzymatic-Reactions	NIL	-	-	RXN-7795	-
ENZRXNSEN2-3871	Enzymatic-Reactions	NIL	-	-	RXN-7795	-
ENZRXNSEN2-6570	Enzymatic-Reactions	NIL	-	-	RXN-7162	-
ENZRXNSEN2-5853	Enzymatic-Reactions	NIL	-	-	RIB5PISOM-RXN	-
ENZRXNSEN2-1910	Enzymatic-Reactions	NIL	-	-	RIB5PISOM-RXN	-
ENZRXNSEN2-884	Enzymatic-Reactions	NIL	-	-	RIB5PISOM-RXN	-
ENZRXNSEN2-82	Enzymatic-Reactions	NIL	-	-	RIB5PISOM-RXN	-
ENZRXNSEN2-81	Enzymatic-Reactions	NIL	-	-	RIB5PISOM-RXN	-
ENZRXNSEN2-6310	Enzymatic-Reactions	NIL	-	-	TRANS-CINNAMATE-4-MONOOXYGENASE-RXN	-
ENZRXNSEN2-3185	Enzymatic-Reactions	NIL	-	-	TRANS-CINNAMATE-4-MONOOXYGENASE-RXN	-
ENZRXNSEN2-8345	Enzymatic-Reactions	NIL	-	-	2TRANSKETO-RXN	-
ENZRXNSEN2-6077	Enzymatic-Reactions	NIL	-	-	2TRANSKETO-RXN	-
ENZRXNSEN2-9150	Enzymatic-Reactions	NIL	-	-	3.1.2.14-RXN	-
ENZRXNSEN2-7781	Enzymatic-Reactions	NIL	-	-	3.1.2.14-RXN	-
ENZRXNSEN2-6158	Enzymatic-Reactions	NIL	-	-	3.1.2.14-RXN	-
ENZRXNSEN2-1901	Enzymatic-Reactions	NIL	-	-	3.1.2.14-RXN	-
ENZRXNSEN2-1136	Enzymatic-Reactions	NIL	-	-	3.1.2.14-RXN	-
ENZRXNSEN2-6146	Enzymatic-Reactions	NIL	-	-	ENOYL-ACP-REDUCT-NADH-RXN	-
ENZRXNSEN2-2304	Enzymatic-Reactions	NIL	-	-	ENOYL-ACP-REDUCT-NADH-RXN	-
ENZRXNSEN2-2003	Enzymatic-Reactions	NIL	-	-	ENOYL-ACP-REDUCT-NADH-RXN	-
ENZRXNSEN2-465	Enzymatic-Reactions	NIL	-	-	ENOYL-ACP-REDUCT-NADH-RXN	-
ENZRXNSEN2-5435	Enzymatic-Reactions	NIL	-	-	PHOSPHORIBULOKINASE-RXN	-
ENZRXNSEN2-1714	Enzymatic-Reactions	NIL	-	-	PHOSPHORIBULOKINASE-RXN	-
ENZRXNSEN2-9427	Enzymatic-Reactions	NIL	-	-	TRIACYLGLYCEROL-LIPASE-RXN	-
ENZRXNSEN2-9370	Enzymatic-Reactions	NIL	-	-	TRIACYLGLYCEROL-LIPASE-RXN	-
ENZRXNSEN2-9107	Enzymatic-Reactions	NIL	-	-	TRIACYLGLYCEROL-LIPASE-RXN	-
ENZRXNSEN2-9089	Enzymatic-Reactions	NIL	-	-	TRIACYLGLYCEROL-LIPASE-RXN	-
ENZRXNSEN2-9088	Enzymatic-Reactions	NIL	-	-	TRIACYLGLYCEROL-LIPASE-RXN	-
ENZRXNSEN2-9087	Enzymatic-Reactions	NIL	-	-	TRIACYLGLYCEROL-LIPASE-RXN	-
ENZRXNSEN2-8699	Enzymatic-Reactions	NIL	-	-	TRIACYLGLYCEROL-LIPASE-RXN	-
ENZRXNSEN2-8675	Enzymatic-Reactions	NIL	-	-	TRIACYLGLYCEROL-LIPASE-RXN	-
ENZRXNSEN2-8575	Enzymatic-Reactions	NIL	-	-	TRIACYLGLYCEROL-LIPASE-RXN	-
ENZRXNSEN2-8572	Enzymatic-Reactions	NIL	-	-	TRIACYLGLYCEROL-LIPASE-RXN	-
ENZRXNSEN2-8563	Enzymatic-Reactions	NIL	-	-	TRIACYLGLYCEROL-LIPASE-RXN	-
ENZRXNSEN2-8394	Enzymatic-Reactions	NIL	-	-	TRIACYLGLYCEROL-LIPASE-RXN	-
ENZRXNSEN2-8393	Enzymatic-Reactions	NIL	-	-	TRIACYLGLYCEROL-LIPASE-RXN	-
ENZRXNSEN2-8235	Enzymatic-Reactions	NIL	-	-	TRIACYLGLYCEROL-LIPASE-RXN	-
ENZRXNSEN2-8105	Enzymatic-Reactions	NIL	-	-	TRIACYLGLYCEROL-LIPASE-RXN	-
ENZRXNSEN2-8103	Enzymatic-Reactions	NIL	-	-	TRIACYLGLYCEROL-LIPASE-RXN	-
ENZRXNSEN2-8102	Enzymatic-Reactions	NIL	-	-	TRIACYLGLYCEROL-LIPASE-RXN	-
ENZRXNSEN2-8064	Enzymatic-Reactions	NIL	-	-	TRIACYLGLYCEROL-LIPASE-RXN	-
ENZRXNSEN2-7835	Enzymatic-Reactions	NIL	-	-	TRIACYLGLYCEROL-LIPASE-RXN	-
ENZRXNSEN2-7333	Enzymatic-Reactions	NIL	-	-	TRIACYLGLYCEROL-LIPASE-RXN	-
ENZRXNSEN2-7309	Enzymatic-Reactions	NIL	-	-	TRIACYLGLYCEROL-LIPASE-RXN	-
ENZRXNSEN2-7103	Enzymatic-Reactions	NIL	-	-	TRIACYLGLYCEROL-LIPASE-RXN	-
ENZRXNSEN2-7102	Enzymatic-Reactions	NIL	-	-	TRIACYLGLYCEROL-LIPASE-RXN	-
ENZRXNSEN2-6849	Enzymatic-Reactions	NIL	-	-	TRIACYLGLYCEROL-LIPASE-RXN	-
ENZRXNSEN2-6712	Enzymatic-Reactions	NIL	-	-	TRIACYLGLYCEROL-LIPASE-RXN	-
ENZRXNSEN2-6711	Enzymatic-Reactions	NIL	-	-	TRIACYLGLYCEROL-LIPASE-RXN	-
ENZRXNSEN2-6647	Enzymatic-Reactions	NIL	-	-	TRIACYLGLYCEROL-LIPASE-RXN	-
ENZRXNSEN2-6629	Enzymatic-Reactions	NIL	-	-	TRIACYLGLYCEROL-LIPASE-RXN	-
ENZRXNSEN2-6589	Enzymatic-Reactions	NIL	-	-	TRIACYLGLYCEROL-LIPASE-RXN	-
ENZRXNSEN2-6582	Enzymatic-Reactions	NIL	-	-	TRIACYLGLYCEROL-LIPASE-RXN	-
ENZRXNSEN2-6581	Enzymatic-Reactions	NIL	-	-	TRIACYLGLYCEROL-LIPASE-RXN	-
ENZRXNSEN2-6534	Enzymatic-Reactions	NIL	-	-	TRIACYLGLYCEROL-LIPASE-RXN	-
ENZRXNSEN2-6420	Enzymatic-Reactions	NIL	-	-	TRIACYLGLYCEROL-LIPASE-RXN	-
ENZRXNSEN2-6360	Enzymatic-Reactions	NIL	-	-	TRIACYLGLYCEROL-LIPASE-RXN	-
ENZRXNSEN2-6209	Enzymatic-Reactions	NIL	-	-	TRIACYLGLYCEROL-LIPASE-RXN	-
ENZRXNSEN2-6142	Enzymatic-Reactions	NIL	-	-	TRIACYLGLYCEROL-LIPASE-RXN	-
ENZRXNSEN2-6064	Enzymatic-Reactions	NIL	-	-	TRIACYLGLYCEROL-LIPASE-RXN	-
ENZRXNSEN2-5931	Enzymatic-Reactions	NIL	-	-	TRIACYLGLYCEROL-LIPASE-RXN	-
ENZRXNSEN2-5794	Enzymatic-Reactions	NIL	-	-	TRIACYLGLYCEROL-LIPASE-RXN	-
ENZRXNSEN2-5748	Enzymatic-Reactions	NIL	-	-	TRIACYLGLYCEROL-LIPASE-RXN	-
ENZRXNSEN2-5538	Enzymatic-Reactions	NIL	-	-	TRIACYLGLYCEROL-LIPASE-RXN	-
ENZRXNSEN2-5485	Enzymatic-Reactions	NIL	-	-	TRIACYLGLYCEROL-LIPASE-RXN	-
ENZRXNSEN2-5476	Enzymatic-Reactions	NIL	-	-	TRIACYLGLYCEROL-LIPASE-RXN	-
ENZRXNSEN2-5396	Enzymatic-Reactions	NIL	-	-	TRIACYLGLYCEROL-LIPASE-RXN	-
ENZRXNSEN2-5104	Enzymatic-Reactions	NIL	-	-	TRIACYLGLYCEROL-LIPASE-RXN	-
ENZRXNSEN2-4948	Enzymatic-Reactions	NIL	-	-	TRIACYLGLYCEROL-LIPASE-RXN	-
ENZRXNSEN2-4795	Enzymatic-Reactions	NIL	-	-	TRIACYLGLYCEROL-LIPASE-RXN	-
ENZRXNSEN2-4772	Enzymatic-Reactions	NIL	-	-	TRIACYLGLYCEROL-LIPASE-RXN	-
ENZRXNSEN2-4771	Enzymatic-Reactions	NIL	-	-	TRIACYLGLYCEROL-LIPASE-RXN	-
ENZRXNSEN2-4770	Enzymatic-Reactions	NIL	-	-	TRIACYLGLYCEROL-LIPASE-RXN	-
ENZRXNSEN2-4769	Enzymatic-Reactions	NIL	-	-	TRIACYLGLYCEROL-LIPASE-RXN	-
ENZRXNSEN2-4504	Enzymatic-Reactions	NIL	-	-	TRIACYLGLYCEROL-LIPASE-RXN	-
ENZRXNSEN2-4403	Enzymatic-Reactions	NIL	-	-	TRIACYLGLYCEROL-LIPASE-RXN	-
ENZRXNSEN2-4291	Enzymatic-Reactions	NIL	-	-	TRIACYLGLYCEROL-LIPASE-RXN	-
ENZRXNSEN2-4274	Enzymatic-Reactions	NIL	-	-	TRIACYLGLYCEROL-LIPASE-RXN	-
ENZRXNSEN2-3930	Enzymatic-Reactions	NIL	-	-	TRIACYLGLYCEROL-LIPASE-RXN	-
ENZRXNSEN2-3860	Enzymatic-Reactions	NIL	-	-	TRIACYLGLYCEROL-LIPASE-RXN	-
ENZRXNSEN2-3749	Enzymatic-Reactions	NIL	-	-	TRIACYLGLYCEROL-LIPASE-RXN	-
ENZRXNSEN2-3710	Enzymatic-Reactions	NIL	-	-	TRIACYLGLYCEROL-LIPASE-RXN	-
ENZRXNSEN2-3683	Enzymatic-Reactions	NIL	-	-	TRIACYLGLYCEROL-LIPASE-RXN	-
ENZRXNSEN2-3537	Enzymatic-Reactions	NIL	-	-	TRIACYLGLYCEROL-LIPASE-RXN	-
ENZRXNSEN2-3479	Enzymatic-Reactions	NIL	-	-	TRIACYLGLYCEROL-LIPASE-RXN	-
ENZRXNSEN2-3346	Enzymatic-Reactions	NIL	-	-	TRIACYLGLYCEROL-LIPASE-RXN	-
ENZRXNSEN2-2784	Enzymatic-Reactions	NIL	-	-	TRIACYLGLYCEROL-LIPASE-RXN	-
ENZRXNSEN2-2783	Enzymatic-Reactions	NIL	-	-	TRIACYLGLYCEROL-LIPASE-RXN	-
ENZRXNSEN2-2598	Enzymatic-Reactions	NIL	-	-	TRIACYLGLYCEROL-LIPASE-RXN	-
ENZRXNSEN2-2461	Enzymatic-Reactions	NIL	-	-	TRIACYLGLYCEROL-LIPASE-RXN	-
ENZRXNSEN2-2460	Enzymatic-Reactions	NIL	-	-	TRIACYLGLYCEROL-LIPASE-RXN	-
ENZRXNSEN2-2438	Enzymatic-Reactions	NIL	-	-	TRIACYLGLYCEROL-LIPASE-RXN	-
ENZRXNSEN2-2437	Enzymatic-Reactions	NIL	-	-	TRIACYLGLYCEROL-LIPASE-RXN	-
ENZRXNSEN2-2331	Enzymatic-Reactions	NIL	-	-	TRIACYLGLYCEROL-LIPASE-RXN	-
ENZRXNSEN2-2053	Enzymatic-Reactions	NIL	-	-	TRIACYLGLYCEROL-LIPASE-RXN	-
ENZRXNSEN2-1744	Enzymatic-Reactions	NIL	-	-	TRIACYLGLYCEROL-LIPASE-RXN	-
ENZRXNSEN2-1669	Enzymatic-Reactions	NIL	-	-	TRIACYLGLYCEROL-LIPASE-RXN	-
ENZRXNSEN2-1593	Enzymatic-Reactions	NIL	-	-	TRIACYLGLYCEROL-LIPASE-RXN	-
ENZRXNSEN2-1509	Enzymatic-Reactions	NIL	-	-	TRIACYLGLYCEROL-LIPASE-RXN	-
ENZRXNSEN2-1317	Enzymatic-Reactions	NIL	-	-	TRIACYLGLYCEROL-LIPASE-RXN	-
ENZRXNSEN2-1306	Enzymatic-Reactions	NIL	-	-	TRIACYLGLYCEROL-LIPASE-RXN	-
ENZRXNSEN2-987	Enzymatic-Reactions	NIL	-	-	TRIACYLGLYCEROL-LIPASE-RXN	-
ENZRXNSEN2-805	Enzymatic-Reactions	NIL	-	-	TRIACYLGLYCEROL-LIPASE-RXN	-
ENZRXNSEN2-609	Enzymatic-Reactions	NIL	-	-	TRIACYLGLYCEROL-LIPASE-RXN	-
ENZRXNSEN2-608	Enzymatic-Reactions	NIL	-	-	TRIACYLGLYCEROL-LIPASE-RXN	-
ENZRXNSEN2-607	Enzymatic-Reactions	NIL	-	-	TRIACYLGLYCEROL-LIPASE-RXN	-
ENZRXNSEN2-585	Enzymatic-Reactions	NIL	-	-	TRIACYLGLYCEROL-LIPASE-RXN	-
ENZRXNSEN2-498	Enzymatic-Reactions	NIL	-	-	TRIACYLGLYCEROL-LIPASE-RXN	-
ENZRXNSEN2-363	Enzymatic-Reactions	NIL	-	-	TRIACYLGLYCEROL-LIPASE-RXN	-
ENZRXNSEN2-219	Enzymatic-Reactions	NIL	-	-	TRIACYLGLYCEROL-LIPASE-RXN	-
ENZRXNSEN2-74	Enzymatic-Reactions	NIL	-	-	TRIACYLGLYCEROL-LIPASE-RXN	-
ENZRXNSEN2-73	Enzymatic-Reactions	NIL	-	-	TRIACYLGLYCEROL-LIPASE-RXN	-
ENZRXNSEN2-72	Enzymatic-Reactions	NIL	-	-	TRIACYLGLYCEROL-LIPASE-RXN	-
ENZRXNSEN2-48	Enzymatic-Reactions	NIL	-	-	TRIACYLGLYCEROL-LIPASE-RXN	-
ENZRXNSEN2-7713	Enzymatic-Reactions	NIL	-	-	RXN-12391	-
ENZRXNSEN2-9546	Enzymatic-Reactions	NIL	-	-	2.3.1.75-RXN	-
ENZRXNSEN2-6825	Enzymatic-Reactions	NIL	-	-	2.3.1.75-RXN	-
ENZRXNSEN2-5939	Enzymatic-Reactions	NIL	-	-	2.3.1.75-RXN	-
ENZRXNSEN2-5189	Enzymatic-Reactions	NIL	-	-	2.3.1.75-RXN	-
ENZRXNSEN2-5187	Enzymatic-Reactions	NIL	-	-	2.3.1.75-RXN	-
ENZRXNSEN2-5185	Enzymatic-Reactions	NIL	-	-	2.3.1.75-RXN	-
ENZRXNSEN2-4243	Enzymatic-Reactions	NIL	-	-	2.3.1.75-RXN	-
ENZRXNSEN2-4241	Enzymatic-Reactions	NIL	-	-	2.3.1.75-RXN	-
ENZRXNSEN2-4239	Enzymatic-Reactions	NIL	-	-	2.3.1.75-RXN	-
ENZRXNSEN2-4237	Enzymatic-Reactions	NIL	-	-	2.3.1.75-RXN	-
ENZRXNSEN2-4155	Enzymatic-Reactions	NIL	-	-	2.3.1.75-RXN	-
ENZRXNSEN2-3342	Enzymatic-Reactions	NIL	-	-	2.3.1.75-RXN	-
ENZRXNSEN2-3341	Enzymatic-Reactions	NIL	-	-	2.3.1.75-RXN	-
ENZRXNSEN2-2686	Enzymatic-Reactions	NIL	-	-	2.3.1.75-RXN	-
ENZRXNSEN2-2684	Enzymatic-Reactions	NIL	-	-	2.3.1.75-RXN	-
ENZRXNSEN2-1239	Enzymatic-Reactions	NIL	-	-	2.3.1.75-RXN	-
ENZRXNSEN2-435	Enzymatic-Reactions	NIL	-	-	2.3.1.75-RXN	-
ENZRXNSEN2-3106	Enzymatic-Reactions	NIL	-	-	RXN-18669	-
ENZRXNSEN2-2805	Enzymatic-Reactions	NIL	-	-	RXN-18669	-
ENZRXNSEN2-9254	Enzymatic-Reactions	NIL	-	-	3PGAREARR-RXN	-
ENZRXNSEN2-3554	Enzymatic-Reactions	NIL	-	-	3PGAREARR-RXN	-
ENZRXNSEN2-2506	Enzymatic-Reactions	NIL	-	-	3PGAREARR-RXN	-
ENZRXNSEN2-6447	Enzymatic-Reactions	NIL	-	-	RXN-6724	-
ENZRXNSEN2-6029	Enzymatic-Reactions	NIL	-	-	RXN-6724	-
ENZRXNSEN2-5835	Enzymatic-Reactions	NIL	-	-	RXN-6724	-
ENZRXNSEN2-5834	Enzymatic-Reactions	NIL	-	-	RXN-6724	-
ENZRXNSEN2-5137	Enzymatic-Reactions	NIL	-	-	RXN-6724	-
ENZRXNSEN2-5136	Enzymatic-Reactions	NIL	-	-	RXN-6724	-
ENZRXNSEN2-4782	Enzymatic-Reactions	NIL	-	-	RXN-6724	-
ENZRXNSEN2-88	Enzymatic-Reactions	NIL	-	-	RXN-6724	-
ENZRXNSEN2-2249	Enzymatic-Reactions	NIL	-	-	RXN-2621	-
ENZRXNSEN2-8971	Enzymatic-Reactions	NIL	-	-	CINNAMATE-GLUCOSYLTRANSFERASE-RXN	-
ENZRXNSEN2-8962	Enzymatic-Reactions	NIL	-	-	CINNAMATE-GLUCOSYLTRANSFERASE-RXN	-
ENZRXNSEN2-8951	Enzymatic-Reactions	NIL	-	-	CINNAMATE-GLUCOSYLTRANSFERASE-RXN	-
ENZRXNSEN2-8942	Enzymatic-Reactions	NIL	-	-	CINNAMATE-GLUCOSYLTRANSFERASE-RXN	-
ENZRXNSEN2-8933	Enzymatic-Reactions	NIL	-	-	CINNAMATE-GLUCOSYLTRANSFERASE-RXN	-
ENZRXNSEN2-8924	Enzymatic-Reactions	NIL	-	-	CINNAMATE-GLUCOSYLTRANSFERASE-RXN	-
ENZRXNSEN2-8915	Enzymatic-Reactions	NIL	-	-	CINNAMATE-GLUCOSYLTRANSFERASE-RXN	-
ENZRXNSEN2-2681	Enzymatic-Reactions	NIL	-	-	CINNAMATE-GLUCOSYLTRANSFERASE-RXN	-
ENZRXNSEN2-2675	Enzymatic-Reactions	NIL	-	-	CINNAMATE-GLUCOSYLTRANSFERASE-RXN	-
ENZRXNSEN2-2665	Enzymatic-Reactions	NIL	-	-	CINNAMATE-GLUCOSYLTRANSFERASE-RXN	-
ENZRXNSEN2-2650	Enzymatic-Reactions	NIL	-	-	CINNAMATE-GLUCOSYLTRANSFERASE-RXN	-
ENZRXNSEN2-2640	Enzymatic-Reactions	NIL	-	-	CINNAMATE-GLUCOSYLTRANSFERASE-RXN	-
ENZRXNSEN2-2630	Enzymatic-Reactions	NIL	-	-	CINNAMATE-GLUCOSYLTRANSFERASE-RXN	-
ENZRXNSEN2-2620	Enzymatic-Reactions	NIL	-	-	CINNAMATE-GLUCOSYLTRANSFERASE-RXN	-
ENZRXNSEN2-2611	Enzymatic-Reactions	NIL	-	-	CINNAMATE-GLUCOSYLTRANSFERASE-RXN	-
ENZRXNSEN2-8266	Enzymatic-Reactions	NIL	-	-	DIACYLGLYKIN-RXN	-
ENZRXNSEN2-8059	Enzymatic-Reactions	NIL	-	-	DIACYLGLYKIN-RXN	-
ENZRXNSEN2-7852	Enzymatic-Reactions	NIL	-	-	DIACYLGLYKIN-RXN	-
ENZRXNSEN2-6043	Enzymatic-Reactions	NIL	-	-	DIACYLGLYKIN-RXN	-
ENZRXNSEN2-5246	Enzymatic-Reactions	NIL	-	-	DIACYLGLYKIN-RXN	-
ENZRXNSEN2-5166	Enzymatic-Reactions	NIL	-	-	DIACYLGLYKIN-RXN	-
ENZRXNSEN2-1262	Enzymatic-Reactions	NIL	-	-	DIACYLGLYKIN-RXN	-
ENZRXNSEN2-1154	Enzymatic-Reactions	NIL	-	-	DIACYLGLYKIN-RXN	-
ENZRXNSEN2-1064	Enzymatic-Reactions	NIL	-	-	DIACYLGLYKIN-RXN	-
ENZRXNSEN2-9395	Enzymatic-Reactions	NIL	-	-	2.4.1.111-RXN	-
ENZRXNSEN2-9393	Enzymatic-Reactions	NIL	-	-	2.4.1.111-RXN	-
ENZRXNSEN2-9391	Enzymatic-Reactions	NIL	-	-	2.4.1.111-RXN	-
ENZRXNSEN2-8967	Enzymatic-Reactions	NIL	-	-	2.4.1.111-RXN	-
ENZRXNSEN2-8958	Enzymatic-Reactions	NIL	-	-	2.4.1.111-RXN	-
ENZRXNSEN2-8947	Enzymatic-Reactions	NIL	-	-	2.4.1.111-RXN	-
ENZRXNSEN2-8938	Enzymatic-Reactions	NIL	-	-	2.4.1.111-RXN	-
ENZRXNSEN2-8929	Enzymatic-Reactions	NIL	-	-	2.4.1.111-RXN	-
ENZRXNSEN2-8920	Enzymatic-Reactions	NIL	-	-	2.4.1.111-RXN	-
ENZRXNSEN2-8911	Enzymatic-Reactions	NIL	-	-	2.4.1.111-RXN	-
ENZRXNSEN2-2671	Enzymatic-Reactions	NIL	-	-	2.4.1.111-RXN	-
ENZRXNSEN2-2661	Enzymatic-Reactions	NIL	-	-	2.4.1.111-RXN	-
ENZRXNSEN2-2646	Enzymatic-Reactions	NIL	-	-	2.4.1.111-RXN	-
ENZRXNSEN2-2636	Enzymatic-Reactions	NIL	-	-	2.4.1.111-RXN	-
ENZRXNSEN2-2626	Enzymatic-Reactions	NIL	-	-	2.4.1.111-RXN	-
ENZRXNSEN2-2616	Enzymatic-Reactions	NIL	-	-	2.4.1.111-RXN	-
ENZRXNSEN2-2607	Enzymatic-Reactions	NIL	-	-	2.4.1.111-RXN	-
ENZRXNSEN2-2733	Enzymatic-Reactions	NIL	-	-	RXN-13162	-
ENZRXNSEN2-2730	Enzymatic-Reactions	NIL	-	-	RXN-13162	-
ENZRXNSEN2-7876	Enzymatic-Reactions	NIL	-	-	1-PHOSPHATIDYLINOSITOL-KINASE-RXN	-
ENZRXNSEN2-6822	Enzymatic-Reactions	NIL	-	-	1-PHOSPHATIDYLINOSITOL-KINASE-RXN	-
ENZRXNSEN2-6028	Enzymatic-Reactions	NIL	-	-	1-PHOSPHATIDYLINOSITOL-KINASE-RXN	-
ENZRXNSEN2-5793	Enzymatic-Reactions	NIL	-	-	1-PHOSPHATIDYLINOSITOL-KINASE-RXN	-
ENZRXNSEN2-5747	Enzymatic-Reactions	NIL	-	-	1-PHOSPHATIDYLINOSITOL-KINASE-RXN	-
ENZRXNSEN2-4376	Enzymatic-Reactions	NIL	-	-	1-PHOSPHATIDYLINOSITOL-KINASE-RXN	-
ENZRXNSEN2-2712	Enzymatic-Reactions	NIL	-	-	1-PHOSPHATIDYLINOSITOL-KINASE-RXN	-
ENZRXNSEN2-1831	Enzymatic-Reactions	NIL	-	-	1-PHOSPHATIDYLINOSITOL-KINASE-RXN	-
ENZRXNSEN2-644	Enzymatic-Reactions	NIL	-	-	1-PHOSPHATIDYLINOSITOL-KINASE-RXN	-
ENZRXNSEN2-8122	Enzymatic-Reactions	NIL	-	-	RXN-7698	-
ENZRXNSEN2-7933	Enzymatic-Reactions	NIL	-	-	RXN-7698	-
ENZRXNSEN2-7932	Enzymatic-Reactions	NIL	-	-	RXN-7698	-
ENZRXNSEN2-5754	Enzymatic-Reactions	NIL	-	-	RXN-7698	-
ENZRXNSEN2-5713	Enzymatic-Reactions	NIL	-	-	RXN-7698	-
ENZRXNSEN2-4589	Enzymatic-Reactions	NIL	-	-	RXN-7698	-
ENZRXNSEN2-3863	Enzymatic-Reactions	NIL	-	-	RXN-7698	-
ENZRXNSEN2-2248	Enzymatic-Reactions	NIL	-	-	RXN-7698	-
ENZRXNSEN2-2123	Enzymatic-Reactions	NIL	-	-	RXN-7698	-
ENZRXNSEN2-2122	Enzymatic-Reactions	NIL	-	-	RXN-7698	-
ENZRXNSEN2-2121	Enzymatic-Reactions	NIL	-	-	RXN-7698	-
ENZRXNSEN2-1209	Enzymatic-Reactions	NIL	-	-	RXN-7698	-
ENZRXNSEN2-249	Enzymatic-Reactions	NIL	-	-	RXN-7698	-
ENZRXNSEN2-9616	Enzymatic-Reactions	NIL	-	-	RXN-1104	-
ENZRXNSEN2-9562	Enzymatic-Reactions	NIL	-	-	RXN-1104	-
ENZRXNSEN2-9559	Enzymatic-Reactions	NIL	-	-	RXN-1104	-
ENZRXNSEN2-6802	Enzymatic-Reactions	NIL	-	-	RXN-1104	-
ENZRXNSEN2-6342	Enzymatic-Reactions	NIL	-	-	RXN-1104	-
ENZRXNSEN2-4230	Enzymatic-Reactions	NIL	-	-	RXN-1104	-
ENZRXNSEN2-7228	Enzymatic-Reactions	NIL	-	-	UDP-GLUCOSE-46-DEHYDRATASE-RXN	-
ENZRXNSEN2-6412	Enzymatic-Reactions	NIL	-	-	UDP-GLUCOSE-46-DEHYDRATASE-RXN	-
ENZRXNSEN2-5307	Enzymatic-Reactions	NIL	-	-	UDP-GLUCOSE-46-DEHYDRATASE-RXN	-
ENZRXNSEN2-2909	Enzymatic-Reactions	NIL	-	-	UDP-GLUCOSE-46-DEHYDRATASE-RXN	-
ENZRXNSEN2-8038	Enzymatic-Reactions	NIL	-	-	2PGADEHYDRAT-RXN	-
ENZRXNSEN2-4496	Enzymatic-Reactions	NIL	-	-	2PGADEHYDRAT-RXN	-
ENZRXNSEN2-3939	Enzymatic-Reactions	NIL	-	-	2PGADEHYDRAT-RXN	-
ENZRXNSEN2-3284	Enzymatic-Reactions	NIL	-	-	2PGADEHYDRAT-RXN	-
ENZRXNSEN2-9307	Enzymatic-Reactions	NIL	-	-	PHOSPHOLIPASE-A2-RXN	-
ENZRXNSEN2-9306	Enzymatic-Reactions	NIL	-	-	PHOSPHOLIPASE-A2-RXN	-
ENZRXNSEN2-9305	Enzymatic-Reactions	NIL	-	-	PHOSPHOLIPASE-A2-RXN	-
ENZRXNSEN2-9304	Enzymatic-Reactions	NIL	-	-	PHOSPHOLIPASE-A2-RXN	-
ENZRXNSEN2-9303	Enzymatic-Reactions	NIL	-	-	PHOSPHOLIPASE-A2-RXN	-
ENZRXNSEN2-9298	Enzymatic-Reactions	NIL	-	-	PHOSPHOLIPASE-A2-RXN	-
ENZRXNSEN2-8764	Enzymatic-Reactions	NIL	-	-	PHOSPHOLIPASE-A2-RXN	-
ENZRXNSEN2-7152	Enzymatic-Reactions	NIL	-	-	PHOSPHOLIPASE-A2-RXN	-
ENZRXNSEN2-6865	Enzymatic-Reactions	NIL	-	-	PHOSPHOLIPASE-A2-RXN	-
ENZRXNSEN2-6864	Enzymatic-Reactions	NIL	-	-	PHOSPHOLIPASE-A2-RXN	-
ENZRXNSEN2-5756	Enzymatic-Reactions	NIL	-	-	PHOSPHOLIPASE-A2-RXN	-
ENZRXNSEN2-4631	Enzymatic-Reactions	NIL	-	-	PHOSPHOLIPASE-A2-RXN	-
ENZRXNSEN2-4124	Enzymatic-Reactions	NIL	-	-	PHOSPHOLIPASE-A2-RXN	-
ENZRXNSEN2-4084	Enzymatic-Reactions	NIL	-	-	PHOSPHOLIPASE-A2-RXN	-
ENZRXNSEN2-4001	Enzymatic-Reactions	NIL	-	-	PHOSPHOLIPASE-A2-RXN	-
ENZRXNSEN2-3960	Enzymatic-Reactions	NIL	-	-	PHOSPHOLIPASE-A2-RXN	-
ENZRXNSEN2-3409	Enzymatic-Reactions	NIL	-	-	PHOSPHOLIPASE-A2-RXN	-
ENZRXNSEN2-2011	Enzymatic-Reactions	NIL	-	-	PHOSPHOLIPASE-A2-RXN	-
ENZRXNSEN2-205	Enzymatic-Reactions	NIL	-	-	PHOSPHOLIPASE-A2-RXN	-
ENZRXNSEN2-8615	Enzymatic-Reactions	NIL	-	-	SUCROSE-PHOSPHATE-SYNTHASE-RXN	-
ENZRXNSEN2-6910	Enzymatic-Reactions	NIL	-	-	SUCROSE-PHOSPHATE-SYNTHASE-RXN	-
ENZRXNSEN2-6909	Enzymatic-Reactions	NIL	-	-	SUCROSE-PHOSPHATE-SYNTHASE-RXN	-
ENZRXNSEN2-4813	Enzymatic-Reactions	NIL	-	-	SUCROSE-PHOSPHATE-SYNTHASE-RXN	-
ENZRXNSEN2-1105	Enzymatic-Reactions	NIL	-	-	SUCROSE-PHOSPHATE-SYNTHASE-RXN	-
ENZRXNSEN2-9786	Enzymatic-Reactions	NIL	-	-	GLYCEROL-KIN-RXN	-
ENZRXNSEN2-6618	Enzymatic-Reactions	NIL	-	-	GLYCEROL-KIN-RXN	-
ENZRXNSEN2-7226	Enzymatic-Reactions	NIL	-	-	RXN-18332	-
ENZRXNSEN2-6410	Enzymatic-Reactions	NIL	-	-	RXN-18332	-
ENZRXNSEN2-5688	Enzymatic-Reactions	NIL	-	-	RXN-18332	-
ENZRXNSEN2-5305	Enzymatic-Reactions	NIL	-	-	RXN-18332	-
ENZRXNSEN2-2907	Enzymatic-Reactions	NIL	-	-	RXN-18332	-
ENZRXNSEN2-4751	Enzymatic-Reactions	NIL	-	-	RXN-2601	-
ENZRXNSEN2-4528	Enzymatic-Reactions	NIL	-	-	RXN-4723	-
ENZRXNSEN2-4526	Enzymatic-Reactions	NIL	-	-	RXN-4723	-
ENZRXNSEN2-4524	Enzymatic-Reactions	NIL	-	-	RXN-4723	-
ENZRXNSEN2-4519	Enzymatic-Reactions	NIL	-	-	RXN-4723	-
ENZRXNSEN2-4517	Enzymatic-Reactions	NIL	-	-	RXN-4723	-
ENZRXNSEN2-4515	Enzymatic-Reactions	NIL	-	-	RXN-4723	-
ENZRXNSEN2-4509	Enzymatic-Reactions	NIL	-	-	RXN-4723	-
ENZRXNSEN2-4412	Enzymatic-Reactions	NIL	-	-	RXN-4723	-
ENZRXNSEN2-3241	Enzymatic-Reactions	NIL	-	-	RXN-4723	-
ENZRXNSEN2-3239	Enzymatic-Reactions	NIL	-	-	RXN-4723	-
ENZRXNSEN2-3145	Enzymatic-Reactions	NIL	-	-	RXN-4723	-
ENZRXNSEN2-2351	Enzymatic-Reactions	NIL	-	-	RXN-4723	-
ENZRXNSEN2-1332	Enzymatic-Reactions	NIL	-	-	RXN-4723	-
ENZRXNSEN2-1330	Enzymatic-Reactions	NIL	-	-	RXN-4723	-
ENZRXNSEN2-1328	Enzymatic-Reactions	NIL	-	-	RXN-4723	-
ENZRXNSEN2-655	Enzymatic-Reactions	NIL	-	-	RXN-4723	-
ENZRXNSEN2-475	Enzymatic-Reactions	NIL	-	-	RXN-4723	-
ENZRXNSEN2-348	Enzymatic-Reactions	NIL	-	-	RXN-4723	-
ENZRXNSEN2-292	Enzymatic-Reactions	NIL	-	-	RXN-4723	-
ENZRXNSEN2-289	Enzymatic-Reactions	NIL	-	-	RXN-4723	-
ENZRXNSEN2-286	Enzymatic-Reactions	NIL	-	-	RXN-4723	-
ENZRXNSEN2-7546	Enzymatic-Reactions	NIL	-	-	RXN-2001	-
ENZRXNSEN2-6689	Enzymatic-Reactions	NIL	-	-	RXN-2001	-
ENZRXNSEN2-3520	Enzymatic-Reactions	NIL	-	-	RXN-2001	-
ENZRXNSEN2-6080	Enzymatic-Reactions	NIL	-	-	2.5.1.19-RXN	-
ENZRXNSEN2-6079	Enzymatic-Reactions	NIL	-	-	2.5.1.19-RXN	-
ENZRXNSEN2-7123	Enzymatic-Reactions	NIL	-	-	1.2.1.13-RXN	-
ENZRXNSEN2-4328	Enzymatic-Reactions	NIL	-	-	1.2.1.13-RXN	-
ENZRXNSEN2-6561	Enzymatic-Reactions	NIL	-	-	RXN-18724	-
ENZRXNSEN2-6551	Enzymatic-Reactions	NIL	-	-	RXN-18724	-
ENZRXNSEN2-5926	Enzymatic-Reactions	NIL	-	-	RXN-18724	-
ENZRXNSEN2-3043	Enzymatic-Reactions	NIL	-	-	RXN-18724	-
ENZRXNSEN2-2339	Enzymatic-Reactions	NIL	-	-	RXN-18724	-
ENZRXNSEN2-2182	Enzymatic-Reactions	NIL	-	-	RXN-18724	-
ENZRXNSEN2-9213	Enzymatic-Reactions	NIL	-	-	RXN-16049	-
ENZRXNSEN2-6229	Enzymatic-Reactions	NIL	-	-	RXN-16049	-
ENZRXNSEN2-9755	Enzymatic-Reactions	NIL	-	-	RXN-17857	-
ENZRXNSEN2-7999	Enzymatic-Reactions	NIL	-	-	RXN-17857	-
ENZRXNSEN2-4321	Enzymatic-Reactions	NIL	-	-	RXN-17857	-
ENZRXNSEN2-4077	Enzymatic-Reactions	NIL	-	-	RXN-17857	-
ENZRXNSEN2-3635	Enzymatic-Reactions	NIL	-	-	RXN-17857	-
ENZRXNSEN2-9037	Enzymatic-Reactions	NIL	-	-	THYKI-RXN	-
ENZRXNSEN2-7983	Enzymatic-Reactions	NIL	-	-	THYKI-RXN	-
ENZRXNSEN2-6569	Enzymatic-Reactions	NIL	-	-	THYKI-RXN	-
ENZRXNSEN2-5694	Enzymatic-Reactions	NIL	-	-	2.3.1.23-RXN	-
ENZRXNSEN2-5459	Enzymatic-Reactions	NIL	-	-	2.3.1.23-RXN	-
ENZRXNSEN2-4729	Enzymatic-Reactions	NIL	-	-	2.3.1.23-RXN	-
ENZRXNSEN2-1474	Enzymatic-Reactions	NIL	-	-	2.3.1.23-RXN	-
ENZRXNSEN2-5407	Enzymatic-Reactions	NIL	-	-	RXN-11750	-
ENZRXNSEN2-1361	Enzymatic-Reactions	NIL	-	-	RXN-11750	-
ENZRXNSEN2-299	Enzymatic-Reactions	NIL	-	-	RXN-15122	-
ENZRXNSEN2-3236	Enzymatic-Reactions	NIL	-	-	MALONYL-COA-ACP-TRANSACYL-RXN	-
ENZRXNSEN2-2376	Enzymatic-Reactions	NIL	-	-	RXN-15046	-
ENZRXNSEN2-7201	Enzymatic-Reactions	NIL	-	-	TYROSINE-AMINOTRANSFERASE-RXN	-
ENZRXNSEN2-5401	Enzymatic-Reactions	NIL	-	-	TYROSINE-AMINOTRANSFERASE-RXN	-
ENZRXNSEN2-5031	Enzymatic-Reactions	NIL	-	-	TYROSINE-AMINOTRANSFERASE-RXN	-
ENZRXNSEN2-3938	Enzymatic-Reactions	NIL	-	-	TYROSINE-AMINOTRANSFERASE-RXN	-
ENZRXNSEN2-3874	Enzymatic-Reactions	NIL	-	-	TYROSINE-AMINOTRANSFERASE-RXN	-
ENZRXNSEN2-3625	Enzymatic-Reactions	NIL	-	-	TYROSINE-AMINOTRANSFERASE-RXN	-
ENZRXNSEN2-2207	Enzymatic-Reactions	NIL	-	-	TYROSINE-AMINOTRANSFERASE-RXN	-
ENZRXNSEN2-1236	Enzymatic-Reactions	NIL	-	-	TYROSINE-AMINOTRANSFERASE-RXN	-
ENZRXNSEN2-1235	Enzymatic-Reactions	NIL	-	-	TYROSINE-AMINOTRANSFERASE-RXN	-
ENZRXNSEN2-710	Enzymatic-Reactions	NIL	-	-	TYROSINE-AMINOTRANSFERASE-RXN	-
ENZRXNSEN2-30	Enzymatic-Reactions	NIL	-	-	TYROSINE-AMINOTRANSFERASE-RXN	-
ENZRXNSEN2-5426	Enzymatic-Reactions	NIL	-	-	RXN-7163	-
ENZRXNSEN2-2200	Enzymatic-Reactions	NIL	-	-	RXN-7163	-
ENZRXNSEN2-1706	Enzymatic-Reactions	NIL	-	-	RXN-7163	-
ENZRXNSEN2-1079	Enzymatic-Reactions	NIL	-	-	RXN-7163	-
ENZRXNSEN2-8346	Enzymatic-Reactions	NIL	-	-	TRANSALDOL-RXN	-
ENZRXNSEN2-7962	Enzymatic-Reactions	NIL	-	-	TRANSALDOL-RXN	-
ENZRXNSEN2-7828	Enzymatic-Reactions	NIL	-	-	TRANSALDOL-RXN	-
ENZRXNSEN2-6078	Enzymatic-Reactions	NIL	-	-	TRANSALDOL-RXN	-
ENZRXNSEN2-1488	Enzymatic-Reactions	NIL	-	-	TRANSALDOL-RXN	-
ENZRXNSEN2-9726	Enzymatic-Reactions	NIL	-	-	OXALODECARB-RXN	-
ENZRXNSEN2-8373	Enzymatic-Reactions	NIL	-	-	OXALODECARB-RXN	-
ENZRXNSEN2-6954	Enzymatic-Reactions	NIL	-	-	OXALODECARB-RXN	-
ENZRXNSEN2-6309	Enzymatic-Reactions	NIL	-	-	OXALODECARB-RXN	-
ENZRXNSEN2-6112	Enzymatic-Reactions	NIL	-	-	OXALODECARB-RXN	-
ENZRXNSEN2-4775	Enzymatic-Reactions	NIL	-	-	OXALODECARB-RXN	-
ENZRXNSEN2-4216	Enzymatic-Reactions	NIL	-	-	OXALODECARB-RXN	-
ENZRXNSEN2-4048	Enzymatic-Reactions	NIL	-	-	OXALODECARB-RXN	-
ENZRXNSEN2-3678	Enzymatic-Reactions	NIL	-	-	OXALODECARB-RXN	-
ENZRXNSEN2-9593	Enzymatic-Reactions	NIL	-	-	RXN-12583	-
ENZRXNSEN2-7980	Enzymatic-Reactions	NIL	-	-	RXN-12583	-
ENZRXNSEN2-5378	Enzymatic-Reactions	NIL	-	-	RXN-12583	-
ENZRXNSEN2-1769	Enzymatic-Reactions	NIL	-	-	RXN-12583	-
ENZRXNSEN2-636	Enzymatic-Reactions	NIL	-	-	RXN-12583	-
ENZRXNSEN2-66	Enzymatic-Reactions	NIL	-	-	RXN-12583	-
ENZRXNSEN2-9592	Enzymatic-Reactions	NIL	-	-	RXN-12508	-
ENZRXNSEN2-7979	Enzymatic-Reactions	NIL	-	-	RXN-12508	-
ENZRXNSEN2-5377	Enzymatic-Reactions	NIL	-	-	RXN-12508	-
ENZRXNSEN2-1768	Enzymatic-Reactions	NIL	-	-	RXN-12508	-
ENZRXNSEN2-635	Enzymatic-Reactions	NIL	-	-	RXN-12508	-
ENZRXNSEN2-65	Enzymatic-Reactions	NIL	-	-	RXN-12508	-
ENZRXNSEN2-7912	Enzymatic-Reactions	NIL	-	-	RXN-15509	-
ENZRXNSEN2-4312	Enzymatic-Reactions	NIL	-	-	RXN-15509	-
ENZRXNSEN2-2970	Enzymatic-Reactions	NIL	-	-	RXN-15509	-
ENZRXNSEN2-7911	Enzymatic-Reactions	NIL	-	-	RXN-15510	-
ENZRXNSEN2-4311	Enzymatic-Reactions	NIL	-	-	RXN-15510	-
ENZRXNSEN2-2969	Enzymatic-Reactions	NIL	-	-	RXN-15510	-
ENZRXNSEN2-7910	Enzymatic-Reactions	NIL	-	-	RXN-15511	-
ENZRXNSEN2-4310	Enzymatic-Reactions	NIL	-	-	RXN-15511	-
ENZRXNSEN2-2968	Enzymatic-Reactions	NIL	-	-	RXN-15511	-
ENZRXNSEN2-7909	Enzymatic-Reactions	NIL	-	-	RXN-15512	-
ENZRXNSEN2-4309	Enzymatic-Reactions	NIL	-	-	RXN-15512	-
ENZRXNSEN2-2967	Enzymatic-Reactions	NIL	-	-	RXN-15512	-
ENZRXNSEN2-5869	Enzymatic-Reactions	NIL	-	-	RXN-16997	-
ENZRXNSEN2-5864	Enzymatic-Reactions	NIL	-	-	RXN-16997	-
ENZRXNSEN2-3921	Enzymatic-Reactions	NIL	-	-	RXN-16997	-
ENZRXNSEN2-3918	Enzymatic-Reactions	NIL	-	-	RXN-16997	-
ENZRXNSEN2-2379	Enzymatic-Reactions	NIL	-	-	RXN-16997	-
ENZRXNSEN2-1933	Enzymatic-Reactions	NIL	-	-	RXN-16997	-
ENZRXNSEN2-5868	Enzymatic-Reactions	NIL	-	-	RXN-16998	-
ENZRXNSEN2-5863	Enzymatic-Reactions	NIL	-	-	RXN-16998	-
ENZRXNSEN2-3920	Enzymatic-Reactions	NIL	-	-	RXN-16998	-
ENZRXNSEN2-3917	Enzymatic-Reactions	NIL	-	-	RXN-16998	-
ENZRXNSEN2-2378	Enzymatic-Reactions	NIL	-	-	RXN-16998	-
ENZRXNSEN2-1932	Enzymatic-Reactions	NIL	-	-	RXN-16998	-
ENZRXNSEN2-9727	Enzymatic-Reactions	NIL	-	-	MALATE-DEHYDROGENASE-NADP+-RXN	-
ENZRXNSEN2-6955	Enzymatic-Reactions	NIL	-	-	MALATE-DEHYDROGENASE-NADP+-RXN	-
ENZRXNSEN2-4217	Enzymatic-Reactions	NIL	-	-	MALATE-DEHYDROGENASE-NADP+-RXN	-
ENZRXNSEN2-4047	Enzymatic-Reactions	NIL	-	-	MALATE-DEHYDROGENASE-NADP+-RXN	-
ENZRXNSEN2-3679	Enzymatic-Reactions	NIL	-	-	MALATE-DEHYDROGENASE-NADP+-RXN	-
ENZRXNSEN2-2400	Enzymatic-Reactions	NIL	-	-	MALATE-DEHYDROGENASE-NADP+-RXN	-
ENZRXNSEN2-2732	Enzymatic-Reactions	NIL	-	-	RXN-12263	-
ENZRXNSEN2-2729	Enzymatic-Reactions	NIL	-	-	RXN-12263	-
ENZRXNSEN2-2731	Enzymatic-Reactions	NIL	-	-	RXN66-281	-
ENZRXNSEN2-2728	Enzymatic-Reactions	NIL	-	-	RXN66-281	-
